CREATE TABLE IF NOT EXISTS "accounts_customuser" ("id" integer NOT NULL PRIMARY KEY AUTOINCREMENT, "password" varchar(128) NOT NULL, "last_login" datetime NULL, "is_superuser" bool NOT NULL, "username" varchar(150) NOT NULL UNIQUE, "first_name" varchar(150) NOT NULL, "last_name" varchar(150) NOT NULL, "email" varchar(254) NOT NULL, "is_staff" bool NOT NULL, "is_active" bool NOT NULL, "date_joined" datetime NOT NULL, "phone" varchar(10) NULL, "rut" varchar(12) NULL);
INSERT INTO "accounts_customuser" VALUES(1,'pbkdf2_sha256$390000$54LUbCGDSS9boxHFKM61Gb$5gG9jJt86XMuKyRKwwKrAyX5iud4fD9oO12afoZ1/oE=','2023-03-04 16:50:01.117718',1,'admin','','','admin@gmail.com',1,1,'2023-02-24 00:28:56.633599',NULL,NULL);
CREATE UNIQUE INDEX "django_content_type_app_label_model_76bd3d3b_uniq" ON "django_content_type" ("app_label", "model");
CREATE UNIQUE INDEX "auth_group_permissions_group_id_permission_id_0cd325b0_uniq" ON "auth_group_permissions" ("group_id", "permission_id");
CREATE INDEX IF NOT EXISTS "auth_group_permissions_group_id_b120cbf9" ON "auth_group_permissions" ("group_id");
CREATE INDEX IF NOT EXISTS "auth_group_permissions_permission_id_84c5c92e" ON "auth_group_permissions" ("permission_id");
CREATE UNIQUE INDEX "auth_permission_content_type_id_codename_01ab375a_uniq" ON "auth_permission" ("content_type_id", "codename");
CREATE INDEX IF NOT EXISTS "auth_permission_content_type_id_2f476e4b" ON "auth_permission" ("content_type_id");
CREATE UNIQUE INDEX "accounts_customuser_groups_customuser_id_group_id_c074bdcb_uniq" ON "accounts_customuser_groups" ("customuser_id", "group_id");
CREATE INDEX IF NOT EXISTS "accounts_customuser_groups_customuser_id_bc55088e" ON "accounts_customuser_groups" ("customuser_id");
CREATE INDEX IF NOT EXISTS "accounts_customuser_groups_group_id_86ba5f9e" ON "accounts_customuser_groups" ("group_id");
CREATE UNIQUE INDEX "accounts_customuser_user_permissions_customuser_id_permission_id_9632a709_uniq" ON "accounts_customuser_user_permissions" ("customuser_id", "permission_id");
CREATE INDEX IF NOT EXISTS "accounts_customuser_user_permissions_customuser_id_0deaefae" ON "accounts_customuser_user_permissions" ("customuser_id");
CREATE INDEX IF NOT EXISTS "accounts_customuser_user_permissions_permission_id_aea3d0e5" ON "accounts_customuser_user_permissions" ("permission_id");
CREATE INDEX IF NOT EXISTS "django_admin_log_content_type_id_c4bce8eb" ON "django_admin_log" ("content_type_id");
CREATE INDEX IF NOT EXISTS "django_admin_log_user_id_c564eba6" ON "django_admin_log" ("user_id");
CREATE UNIQUE INDEX "newsletters_newsletter_email_newsletter_id_newsletteruser_id_729391df_uniq" ON "newsletters_newsletter_email" ("newsletter_id", "newsletteruser_id");
CREATE INDEX IF NOT EXISTS "newsletters_newsletter_email_newsletter_id_86f76210" ON "newsletters_newsletter_email" ("newsletter_id");
CREATE INDEX IF NOT EXISTS "newsletters_newsletter_email_newsletteruser_id_c7b00502" ON "newsletters_newsletter_email" ("newsletteruser_id");
CREATE INDEX IF NOT EXISTS "properties_urbansite_property_id_0f9e3592" ON "properties_urbansite" ("property_id");
CREATE INDEX IF NOT EXISTS "properties_shop_property_id_10ac3c0d" ON "properties_shop" ("property_id");
CREATE INDEX IF NOT EXISTS "properties_propertyimage_property_id_883194e7" ON "properties_propertyimage" ("property_id");
CREATE INDEX IF NOT EXISTS "properties_propertycontact_property_id_49ac3914" ON "properties_propertycontact" ("property_id");
CREATE INDEX IF NOT EXISTS "properties_property_commune_id_948414dc" ON "properties_property" ("commune_id");
CREATE INDEX IF NOT EXISTS "properties_property_region_id_bdc9e684" ON "properties_property" ("region_id");
CREATE INDEX IF NOT EXISTS "properties_property_user_id_d65e9a67" ON "properties_property" ("user_id");
CREATE INDEX IF NOT EXISTS "properties_parcel_property_id_3ce4d875" ON "properties_parcel" ("property_id");
CREATE INDEX IF NOT EXISTS "properties_office_property_id_02ceab57" ON "properties_office" ("property_id");
CREATE INDEX IF NOT EXISTS "properties_industrial_property_id_ceb76305" ON "properties_industrial" ("property_id");
CREATE INDEX IF NOT EXISTS "properties_house_property_id_cd7f08ea" ON "properties_house" ("property_id");
CREATE INDEX IF NOT EXISTS "properties_commune_location_slug_e136a79f" ON "properties_commune" ("location_slug");
CREATE INDEX IF NOT EXISTS "properties_commune_region_id_5570bcad" ON "properties_commune" ("region_id");
CREATE INDEX IF NOT EXISTS "properties_cellar_property_id_fabcf2b9" ON "properties_cellar" ("property_id");
CREATE INDEX IF NOT EXISTS "properties_apartment_property_id_b78dace9" ON "properties_apartment" ("property_id");
CREATE INDEX IF NOT EXISTS "django_session_expire_date_a5c62663" ON "django_session" ("expire_date");
CREATE INDEX IF NOT EXISTS "properties_publication_owner_id_855dd835" ON "properties_publication" ("owner_id");
CREATE INDEX IF NOT EXISTS "properties_publication_property_id_0ee40f95" ON "properties_publication" ("property_id");
CREATE INDEX IF NOT EXISTS "properties_publication_realtor_id_2ed80779" ON "properties_publication" ("realtor_id");
CREATE INDEX IF NOT EXISTS "properties_publication_user_id_01528e25" ON "properties_publication" ("user_id");
CREATE UNIQUE INDEX "properties_publication_views_publication_id_ipvisitor_id_01380f72_uniq" ON "properties_publication_views" ("publication_id", "ipvisitor_id");
CREATE INDEX IF NOT EXISTS "properties_publication_views_publication_id_2f3e43dc" ON "properties_publication_views" ("publication_id");
CREATE INDEX IF NOT EXISTS "properties_publication_views_ipvisitor_id_5a957899" ON "properties_publication_views" ("ipvisitor_id");
CREATE TABLE IF NOT EXISTS "accounts_customuser_groups" ("id" integer NOT NULL PRIMARY KEY AUTOINCREMENT, "customuser_id" bigint NOT NULL REFERENCES "accounts_customuser" ("id") DEFERRABLE INITIALLY DEFERRED, "group_id" integer NOT NULL REFERENCES "auth_group" ("id") DEFERRABLE INITIALLY DEFERRED);
CREATE UNIQUE INDEX "django_content_type_app_label_model_76bd3d3b_uniq" ON "django_content_type" ("app_label", "model");
CREATE UNIQUE INDEX "auth_group_permissions_group_id_permission_id_0cd325b0_uniq" ON "auth_group_permissions" ("group_id", "permission_id");
CREATE INDEX IF NOT EXISTS "auth_group_permissions_group_id_b120cbf9" ON "auth_group_permissions" ("group_id");
CREATE INDEX IF NOT EXISTS "auth_group_permissions_permission_id_84c5c92e" ON "auth_group_permissions" ("permission_id");
CREATE UNIQUE INDEX "auth_permission_content_type_id_codename_01ab375a_uniq" ON "auth_permission" ("content_type_id", "codename");
CREATE INDEX IF NOT EXISTS "auth_permission_content_type_id_2f476e4b" ON "auth_permission" ("content_type_id");
CREATE UNIQUE INDEX "accounts_customuser_groups_customuser_id_group_id_c074bdcb_uniq" ON "accounts_customuser_groups" ("customuser_id", "group_id");
CREATE INDEX IF NOT EXISTS "accounts_customuser_groups_customuser_id_bc55088e" ON "accounts_customuser_groups" ("customuser_id");
CREATE INDEX IF NOT EXISTS "accounts_customuser_groups_group_id_86ba5f9e" ON "accounts_customuser_groups" ("group_id");
CREATE UNIQUE INDEX "accounts_customuser_user_permissions_customuser_id_permission_id_9632a709_uniq" ON "accounts_customuser_user_permissions" ("customuser_id", "permission_id");
CREATE INDEX IF NOT EXISTS "accounts_customuser_user_permissions_customuser_id_0deaefae" ON "accounts_customuser_user_permissions" ("customuser_id");
CREATE INDEX IF NOT EXISTS "accounts_customuser_user_permissions_permission_id_aea3d0e5" ON "accounts_customuser_user_permissions" ("permission_id");
CREATE INDEX IF NOT EXISTS "django_admin_log_content_type_id_c4bce8eb" ON "django_admin_log" ("content_type_id");
CREATE INDEX IF NOT EXISTS "django_admin_log_user_id_c564eba6" ON "django_admin_log" ("user_id");
CREATE UNIQUE INDEX "newsletters_newsletter_email_newsletter_id_newsletteruser_id_729391df_uniq" ON "newsletters_newsletter_email" ("newsletter_id", "newsletteruser_id");
CREATE INDEX IF NOT EXISTS "newsletters_newsletter_email_newsletter_id_86f76210" ON "newsletters_newsletter_email" ("newsletter_id");
CREATE INDEX IF NOT EXISTS "newsletters_newsletter_email_newsletteruser_id_c7b00502" ON "newsletters_newsletter_email" ("newsletteruser_id");
CREATE INDEX IF NOT EXISTS "properties_urbansite_property_id_0f9e3592" ON "properties_urbansite" ("property_id");
CREATE INDEX IF NOT EXISTS "properties_shop_property_id_10ac3c0d" ON "properties_shop" ("property_id");
CREATE INDEX IF NOT EXISTS "properties_propertyimage_property_id_883194e7" ON "properties_propertyimage" ("property_id");
CREATE INDEX IF NOT EXISTS "properties_propertycontact_property_id_49ac3914" ON "properties_propertycontact" ("property_id");
CREATE INDEX IF NOT EXISTS "properties_property_commune_id_948414dc" ON "properties_property" ("commune_id");
CREATE INDEX IF NOT EXISTS "properties_property_region_id_bdc9e684" ON "properties_property" ("region_id");
CREATE INDEX IF NOT EXISTS "properties_property_user_id_d65e9a67" ON "properties_property" ("user_id");
CREATE INDEX IF NOT EXISTS "properties_parcel_property_id_3ce4d875" ON "properties_parcel" ("property_id");
CREATE INDEX IF NOT EXISTS "properties_office_property_id_02ceab57" ON "properties_office" ("property_id");
CREATE INDEX IF NOT EXISTS "properties_industrial_property_id_ceb76305" ON "properties_industrial" ("property_id");
CREATE INDEX IF NOT EXISTS "properties_house_property_id_cd7f08ea" ON "properties_house" ("property_id");
CREATE INDEX IF NOT EXISTS "properties_commune_location_slug_e136a79f" ON "properties_commune" ("location_slug");
CREATE INDEX IF NOT EXISTS "properties_commune_region_id_5570bcad" ON "properties_commune" ("region_id");
CREATE INDEX IF NOT EXISTS "properties_cellar_property_id_fabcf2b9" ON "properties_cellar" ("property_id");
CREATE INDEX IF NOT EXISTS "properties_apartment_property_id_b78dace9" ON "properties_apartment" ("property_id");
CREATE INDEX IF NOT EXISTS "django_session_expire_date_a5c62663" ON "django_session" ("expire_date");
CREATE INDEX IF NOT EXISTS "properties_publication_owner_id_855dd835" ON "properties_publication" ("owner_id");
CREATE INDEX IF NOT EXISTS "properties_publication_property_id_0ee40f95" ON "properties_publication" ("property_id");
CREATE INDEX IF NOT EXISTS "properties_publication_realtor_id_2ed80779" ON "properties_publication" ("realtor_id");
CREATE INDEX IF NOT EXISTS "properties_publication_user_id_01528e25" ON "properties_publication" ("user_id");
CREATE UNIQUE INDEX "properties_publication_views_publication_id_ipvisitor_id_01380f72_uniq" ON "properties_publication_views" ("publication_id", "ipvisitor_id");
CREATE INDEX IF NOT EXISTS "properties_publication_views_publication_id_2f3e43dc" ON "properties_publication_views" ("publication_id");
CREATE INDEX IF NOT EXISTS "properties_publication_views_ipvisitor_id_5a957899" ON "properties_publication_views" ("ipvisitor_id");
CREATE TABLE IF NOT EXISTS "accounts_customuser_user_permissions" ("id" integer NOT NULL PRIMARY KEY AUTOINCREMENT, "customuser_id" bigint NOT NULL REFERENCES "accounts_customuser" ("id") DEFERRABLE INITIALLY DEFERRED, "permission_id" integer NOT NULL REFERENCES "auth_permission" ("id") DEFERRABLE INITIALLY DEFERRED);
CREATE UNIQUE INDEX "django_content_type_app_label_model_76bd3d3b_uniq" ON "django_content_type" ("app_label", "model");
CREATE UNIQUE INDEX "auth_group_permissions_group_id_permission_id_0cd325b0_uniq" ON "auth_group_permissions" ("group_id", "permission_id");
CREATE INDEX IF NOT EXISTS "auth_group_permissions_group_id_b120cbf9" ON "auth_group_permissions" ("group_id");
CREATE INDEX IF NOT EXISTS "auth_group_permissions_permission_id_84c5c92e" ON "auth_group_permissions" ("permission_id");
CREATE UNIQUE INDEX "auth_permission_content_type_id_codename_01ab375a_uniq" ON "auth_permission" ("content_type_id", "codename");
CREATE INDEX IF NOT EXISTS "auth_permission_content_type_id_2f476e4b" ON "auth_permission" ("content_type_id");
CREATE UNIQUE INDEX "accounts_customuser_groups_customuser_id_group_id_c074bdcb_uniq" ON "accounts_customuser_groups" ("customuser_id", "group_id");
CREATE INDEX IF NOT EXISTS "accounts_customuser_groups_customuser_id_bc55088e" ON "accounts_customuser_groups" ("customuser_id");
CREATE INDEX IF NOT EXISTS "accounts_customuser_groups_group_id_86ba5f9e" ON "accounts_customuser_groups" ("group_id");
CREATE UNIQUE INDEX "accounts_customuser_user_permissions_customuser_id_permission_id_9632a709_uniq" ON "accounts_customuser_user_permissions" ("customuser_id", "permission_id");
CREATE INDEX IF NOT EXISTS "accounts_customuser_user_permissions_customuser_id_0deaefae" ON "accounts_customuser_user_permissions" ("customuser_id");
CREATE INDEX IF NOT EXISTS "accounts_customuser_user_permissions_permission_id_aea3d0e5" ON "accounts_customuser_user_permissions" ("permission_id");
CREATE INDEX IF NOT EXISTS "django_admin_log_content_type_id_c4bce8eb" ON "django_admin_log" ("content_type_id");
CREATE INDEX IF NOT EXISTS "django_admin_log_user_id_c564eba6" ON "django_admin_log" ("user_id");
CREATE UNIQUE INDEX "newsletters_newsletter_email_newsletter_id_newsletteruser_id_729391df_uniq" ON "newsletters_newsletter_email" ("newsletter_id", "newsletteruser_id");
CREATE INDEX IF NOT EXISTS "newsletters_newsletter_email_newsletter_id_86f76210" ON "newsletters_newsletter_email" ("newsletter_id");
CREATE INDEX IF NOT EXISTS "newsletters_newsletter_email_newsletteruser_id_c7b00502" ON "newsletters_newsletter_email" ("newsletteruser_id");
CREATE INDEX IF NOT EXISTS "properties_urbansite_property_id_0f9e3592" ON "properties_urbansite" ("property_id");
CREATE INDEX IF NOT EXISTS "properties_shop_property_id_10ac3c0d" ON "properties_shop" ("property_id");
CREATE INDEX IF NOT EXISTS "properties_propertyimage_property_id_883194e7" ON "properties_propertyimage" ("property_id");
CREATE INDEX IF NOT EXISTS "properties_propertycontact_property_id_49ac3914" ON "properties_propertycontact" ("property_id");
CREATE INDEX IF NOT EXISTS "properties_property_commune_id_948414dc" ON "properties_property" ("commune_id");
CREATE INDEX IF NOT EXISTS "properties_property_region_id_bdc9e684" ON "properties_property" ("region_id");
CREATE INDEX IF NOT EXISTS "properties_property_user_id_d65e9a67" ON "properties_property" ("user_id");
CREATE INDEX IF NOT EXISTS "properties_parcel_property_id_3ce4d875" ON "properties_parcel" ("property_id");
CREATE INDEX IF NOT EXISTS "properties_office_property_id_02ceab57" ON "properties_office" ("property_id");
CREATE INDEX IF NOT EXISTS "properties_industrial_property_id_ceb76305" ON "properties_industrial" ("property_id");
CREATE INDEX IF NOT EXISTS "properties_house_property_id_cd7f08ea" ON "properties_house" ("property_id");
CREATE INDEX IF NOT EXISTS "properties_commune_location_slug_e136a79f" ON "properties_commune" ("location_slug");
CREATE INDEX IF NOT EXISTS "properties_commune_region_id_5570bcad" ON "properties_commune" ("region_id");
CREATE INDEX IF NOT EXISTS "properties_cellar_property_id_fabcf2b9" ON "properties_cellar" ("property_id");
CREATE INDEX IF NOT EXISTS "properties_apartment_property_id_b78dace9" ON "properties_apartment" ("property_id");
CREATE INDEX IF NOT EXISTS "django_session_expire_date_a5c62663" ON "django_session" ("expire_date");
CREATE INDEX IF NOT EXISTS "properties_publication_owner_id_855dd835" ON "properties_publication" ("owner_id");
CREATE INDEX IF NOT EXISTS "properties_publication_property_id_0ee40f95" ON "properties_publication" ("property_id");
CREATE INDEX IF NOT EXISTS "properties_publication_realtor_id_2ed80779" ON "properties_publication" ("realtor_id");
CREATE INDEX IF NOT EXISTS "properties_publication_user_id_01528e25" ON "properties_publication" ("user_id");
CREATE UNIQUE INDEX "properties_publication_views_publication_id_ipvisitor_id_01380f72_uniq" ON "properties_publication_views" ("publication_id", "ipvisitor_id");
CREATE INDEX IF NOT EXISTS "properties_publication_views_publication_id_2f3e43dc" ON "properties_publication_views" ("publication_id");
CREATE INDEX IF NOT EXISTS "properties_publication_views_ipvisitor_id_5a957899" ON "properties_publication_views" ("ipvisitor_id");
CREATE TABLE IF NOT EXISTS "auth_group" ("id" integer NOT NULL PRIMARY KEY AUTOINCREMENT, "name" varchar(150) NOT NULL UNIQUE);
CREATE UNIQUE INDEX "django_content_type_app_label_model_76bd3d3b_uniq" ON "django_content_type" ("app_label", "model");
CREATE UNIQUE INDEX "auth_group_permissions_group_id_permission_id_0cd325b0_uniq" ON "auth_group_permissions" ("group_id", "permission_id");
CREATE INDEX IF NOT EXISTS "auth_group_permissions_group_id_b120cbf9" ON "auth_group_permissions" ("group_id");
CREATE INDEX IF NOT EXISTS "auth_group_permissions_permission_id_84c5c92e" ON "auth_group_permissions" ("permission_id");
CREATE UNIQUE INDEX "auth_permission_content_type_id_codename_01ab375a_uniq" ON "auth_permission" ("content_type_id", "codename");
CREATE INDEX IF NOT EXISTS "auth_permission_content_type_id_2f476e4b" ON "auth_permission" ("content_type_id");
CREATE UNIQUE INDEX "accounts_customuser_groups_customuser_id_group_id_c074bdcb_uniq" ON "accounts_customuser_groups" ("customuser_id", "group_id");
CREATE INDEX IF NOT EXISTS "accounts_customuser_groups_customuser_id_bc55088e" ON "accounts_customuser_groups" ("customuser_id");
CREATE INDEX IF NOT EXISTS "accounts_customuser_groups_group_id_86ba5f9e" ON "accounts_customuser_groups" ("group_id");
CREATE UNIQUE INDEX "accounts_customuser_user_permissions_customuser_id_permission_id_9632a709_uniq" ON "accounts_customuser_user_permissions" ("customuser_id", "permission_id");
CREATE INDEX IF NOT EXISTS "accounts_customuser_user_permissions_customuser_id_0deaefae" ON "accounts_customuser_user_permissions" ("customuser_id");
CREATE INDEX IF NOT EXISTS "accounts_customuser_user_permissions_permission_id_aea3d0e5" ON "accounts_customuser_user_permissions" ("permission_id");
CREATE INDEX IF NOT EXISTS "django_admin_log_content_type_id_c4bce8eb" ON "django_admin_log" ("content_type_id");
CREATE INDEX IF NOT EXISTS "django_admin_log_user_id_c564eba6" ON "django_admin_log" ("user_id");
CREATE UNIQUE INDEX "newsletters_newsletter_email_newsletter_id_newsletteruser_id_729391df_uniq" ON "newsletters_newsletter_email" ("newsletter_id", "newsletteruser_id");
CREATE INDEX IF NOT EXISTS "newsletters_newsletter_email_newsletter_id_86f76210" ON "newsletters_newsletter_email" ("newsletter_id");
CREATE INDEX IF NOT EXISTS "newsletters_newsletter_email_newsletteruser_id_c7b00502" ON "newsletters_newsletter_email" ("newsletteruser_id");
CREATE INDEX IF NOT EXISTS "properties_urbansite_property_id_0f9e3592" ON "properties_urbansite" ("property_id");
CREATE INDEX IF NOT EXISTS "properties_shop_property_id_10ac3c0d" ON "properties_shop" ("property_id");
CREATE INDEX IF NOT EXISTS "properties_propertyimage_property_id_883194e7" ON "properties_propertyimage" ("property_id");
CREATE INDEX IF NOT EXISTS "properties_propertycontact_property_id_49ac3914" ON "properties_propertycontact" ("property_id");
CREATE INDEX IF NOT EXISTS "properties_property_commune_id_948414dc" ON "properties_property" ("commune_id");
CREATE INDEX IF NOT EXISTS "properties_property_region_id_bdc9e684" ON "properties_property" ("region_id");
CREATE INDEX IF NOT EXISTS "properties_property_user_id_d65e9a67" ON "properties_property" ("user_id");
CREATE INDEX IF NOT EXISTS "properties_parcel_property_id_3ce4d875" ON "properties_parcel" ("property_id");
CREATE INDEX IF NOT EXISTS "properties_office_property_id_02ceab57" ON "properties_office" ("property_id");
CREATE INDEX IF NOT EXISTS "properties_industrial_property_id_ceb76305" ON "properties_industrial" ("property_id");
CREATE INDEX IF NOT EXISTS "properties_house_property_id_cd7f08ea" ON "properties_house" ("property_id");
CREATE INDEX IF NOT EXISTS "properties_commune_location_slug_e136a79f" ON "properties_commune" ("location_slug");
CREATE INDEX IF NOT EXISTS "properties_commune_region_id_5570bcad" ON "properties_commune" ("region_id");
CREATE INDEX IF NOT EXISTS "properties_cellar_property_id_fabcf2b9" ON "properties_cellar" ("property_id");
CREATE INDEX IF NOT EXISTS "properties_apartment_property_id_b78dace9" ON "properties_apartment" ("property_id");
CREATE INDEX IF NOT EXISTS "django_session_expire_date_a5c62663" ON "django_session" ("expire_date");
CREATE INDEX IF NOT EXISTS "properties_publication_owner_id_855dd835" ON "properties_publication" ("owner_id");
CREATE INDEX IF NOT EXISTS "properties_publication_property_id_0ee40f95" ON "properties_publication" ("property_id");
CREATE INDEX IF NOT EXISTS "properties_publication_realtor_id_2ed80779" ON "properties_publication" ("realtor_id");
CREATE INDEX IF NOT EXISTS "properties_publication_user_id_01528e25" ON "properties_publication" ("user_id");
CREATE UNIQUE INDEX "properties_publication_views_publication_id_ipvisitor_id_01380f72_uniq" ON "properties_publication_views" ("publication_id", "ipvisitor_id");
CREATE INDEX IF NOT EXISTS "properties_publication_views_publication_id_2f3e43dc" ON "properties_publication_views" ("publication_id");
CREATE INDEX IF NOT EXISTS "properties_publication_views_ipvisitor_id_5a957899" ON "properties_publication_views" ("ipvisitor_id");
CREATE TABLE IF NOT EXISTS "auth_group_permissions" ("id" integer NOT NULL PRIMARY KEY AUTOINCREMENT, "group_id" integer NOT NULL REFERENCES "auth_group" ("id") DEFERRABLE INITIALLY DEFERRED, "permission_id" integer NOT NULL REFERENCES "auth_permission" ("id") DEFERRABLE INITIALLY DEFERRED);
CREATE UNIQUE INDEX "django_content_type_app_label_model_76bd3d3b_uniq" ON "django_content_type" ("app_label", "model");
CREATE UNIQUE INDEX "auth_group_permissions_group_id_permission_id_0cd325b0_uniq" ON "auth_group_permissions" ("group_id", "permission_id");
CREATE INDEX IF NOT EXISTS "auth_group_permissions_group_id_b120cbf9" ON "auth_group_permissions" ("group_id");
CREATE INDEX IF NOT EXISTS "auth_group_permissions_permission_id_84c5c92e" ON "auth_group_permissions" ("permission_id");
CREATE UNIQUE INDEX "auth_permission_content_type_id_codename_01ab375a_uniq" ON "auth_permission" ("content_type_id", "codename");
CREATE INDEX IF NOT EXISTS "auth_permission_content_type_id_2f476e4b" ON "auth_permission" ("content_type_id");
CREATE UNIQUE INDEX "accounts_customuser_groups_customuser_id_group_id_c074bdcb_uniq" ON "accounts_customuser_groups" ("customuser_id", "group_id");
CREATE INDEX IF NOT EXISTS "accounts_customuser_groups_customuser_id_bc55088e" ON "accounts_customuser_groups" ("customuser_id");
CREATE INDEX IF NOT EXISTS "accounts_customuser_groups_group_id_86ba5f9e" ON "accounts_customuser_groups" ("group_id");
CREATE UNIQUE INDEX "accounts_customuser_user_permissions_customuser_id_permission_id_9632a709_uniq" ON "accounts_customuser_user_permissions" ("customuser_id", "permission_id");
CREATE INDEX IF NOT EXISTS "accounts_customuser_user_permissions_customuser_id_0deaefae" ON "accounts_customuser_user_permissions" ("customuser_id");
CREATE INDEX IF NOT EXISTS "accounts_customuser_user_permissions_permission_id_aea3d0e5" ON "accounts_customuser_user_permissions" ("permission_id");
CREATE INDEX IF NOT EXISTS "django_admin_log_content_type_id_c4bce8eb" ON "django_admin_log" ("content_type_id");
CREATE INDEX IF NOT EXISTS "django_admin_log_user_id_c564eba6" ON "django_admin_log" ("user_id");
CREATE UNIQUE INDEX "newsletters_newsletter_email_newsletter_id_newsletteruser_id_729391df_uniq" ON "newsletters_newsletter_email" ("newsletter_id", "newsletteruser_id");
CREATE INDEX IF NOT EXISTS "newsletters_newsletter_email_newsletter_id_86f76210" ON "newsletters_newsletter_email" ("newsletter_id");
CREATE INDEX IF NOT EXISTS "newsletters_newsletter_email_newsletteruser_id_c7b00502" ON "newsletters_newsletter_email" ("newsletteruser_id");
CREATE INDEX IF NOT EXISTS "properties_urbansite_property_id_0f9e3592" ON "properties_urbansite" ("property_id");
CREATE INDEX IF NOT EXISTS "properties_shop_property_id_10ac3c0d" ON "properties_shop" ("property_id");
CREATE INDEX IF NOT EXISTS "properties_propertyimage_property_id_883194e7" ON "properties_propertyimage" ("property_id");
CREATE INDEX IF NOT EXISTS "properties_propertycontact_property_id_49ac3914" ON "properties_propertycontact" ("property_id");
CREATE INDEX IF NOT EXISTS "properties_property_commune_id_948414dc" ON "properties_property" ("commune_id");
CREATE INDEX IF NOT EXISTS "properties_property_region_id_bdc9e684" ON "properties_property" ("region_id");
CREATE INDEX IF NOT EXISTS "properties_property_user_id_d65e9a67" ON "properties_property" ("user_id");
CREATE INDEX IF NOT EXISTS "properties_parcel_property_id_3ce4d875" ON "properties_parcel" ("property_id");
CREATE INDEX IF NOT EXISTS "properties_office_property_id_02ceab57" ON "properties_office" ("property_id");
CREATE INDEX IF NOT EXISTS "properties_industrial_property_id_ceb76305" ON "properties_industrial" ("property_id");
CREATE INDEX IF NOT EXISTS "properties_house_property_id_cd7f08ea" ON "properties_house" ("property_id");
CREATE INDEX IF NOT EXISTS "properties_commune_location_slug_e136a79f" ON "properties_commune" ("location_slug");
CREATE INDEX IF NOT EXISTS "properties_commune_region_id_5570bcad" ON "properties_commune" ("region_id");
CREATE INDEX IF NOT EXISTS "properties_cellar_property_id_fabcf2b9" ON "properties_cellar" ("property_id");
CREATE INDEX IF NOT EXISTS "properties_apartment_property_id_b78dace9" ON "properties_apartment" ("property_id");
CREATE INDEX IF NOT EXISTS "django_session_expire_date_a5c62663" ON "django_session" ("expire_date");
CREATE INDEX IF NOT EXISTS "properties_publication_owner_id_855dd835" ON "properties_publication" ("owner_id");
CREATE INDEX IF NOT EXISTS "properties_publication_property_id_0ee40f95" ON "properties_publication" ("property_id");
CREATE INDEX IF NOT EXISTS "properties_publication_realtor_id_2ed80779" ON "properties_publication" ("realtor_id");
CREATE INDEX IF NOT EXISTS "properties_publication_user_id_01528e25" ON "properties_publication" ("user_id");
CREATE UNIQUE INDEX "properties_publication_views_publication_id_ipvisitor_id_01380f72_uniq" ON "properties_publication_views" ("publication_id", "ipvisitor_id");
CREATE INDEX IF NOT EXISTS "properties_publication_views_publication_id_2f3e43dc" ON "properties_publication_views" ("publication_id");
CREATE INDEX IF NOT EXISTS "properties_publication_views_ipvisitor_id_5a957899" ON "properties_publication_views" ("ipvisitor_id");
CREATE TABLE IF NOT EXISTS "auth_permission" ("id" integer NOT NULL PRIMARY KEY AUTOINCREMENT, "content_type_id" integer NOT NULL REFERENCES "django_content_type" ("id") DEFERRABLE INITIALLY DEFERRED, "codename" varchar(100) NOT NULL, "name" varchar(255) NOT NULL);
INSERT INTO "auth_permission" VALUES(1,1,'add_logentry','Can add log entry');
INSERT INTO "auth_permission" VALUES(2,1,'change_logentry','Can change log entry');
INSERT INTO "auth_permission" VALUES(3,1,'delete_logentry','Can delete log entry');
INSERT INTO "auth_permission" VALUES(4,1,'view_logentry','Can view log entry');
INSERT INTO "auth_permission" VALUES(5,2,'add_permission','Can add permission');
INSERT INTO "auth_permission" VALUES(6,2,'change_permission','Can change permission');
INSERT INTO "auth_permission" VALUES(7,2,'delete_permission','Can delete permission');
INSERT INTO "auth_permission" VALUES(8,2,'view_permission','Can view permission');
INSERT INTO "auth_permission" VALUES(9,3,'add_group','Can add group');
INSERT INTO "auth_permission" VALUES(10,3,'change_group','Can change group');
INSERT INTO "auth_permission" VALUES(11,3,'delete_group','Can delete group');
INSERT INTO "auth_permission" VALUES(12,3,'view_group','Can view group');
INSERT INTO "auth_permission" VALUES(13,4,'add_contenttype','Can add content type');
INSERT INTO "auth_permission" VALUES(14,4,'change_contenttype','Can change content type');
INSERT INTO "auth_permission" VALUES(15,4,'delete_contenttype','Can delete content type');
INSERT INTO "auth_permission" VALUES(16,4,'view_contenttype','Can view content type');
INSERT INTO "auth_permission" VALUES(17,5,'add_session','Can add session');
INSERT INTO "auth_permission" VALUES(18,5,'change_session','Can change session');
INSERT INTO "auth_permission" VALUES(19,5,'delete_session','Can delete session');
INSERT INTO "auth_permission" VALUES(20,5,'view_session','Can view session');
INSERT INTO "auth_permission" VALUES(21,6,'add_customuser','Can add user');
INSERT INTO "auth_permission" VALUES(22,6,'change_customuser','Can change user');
INSERT INTO "auth_permission" VALUES(23,6,'delete_customuser','Can delete user');
INSERT INTO "auth_permission" VALUES(24,6,'view_customuser','Can view user');
INSERT INTO "auth_permission" VALUES(25,7,'add_contact','Can add Contact');
INSERT INTO "auth_permission" VALUES(26,7,'change_contact','Can change Contact');
INSERT INTO "auth_permission" VALUES(27,7,'delete_contact','Can delete Contact');
INSERT INTO "auth_permission" VALUES(28,7,'view_contact','Can view Contact');
INSERT INTO "auth_permission" VALUES(29,8,'add_ownercontact','Can add OwnerContact');
INSERT INTO "auth_permission" VALUES(30,8,'change_ownercontact','Can change OwnerContact');
INSERT INTO "auth_permission" VALUES(31,8,'delete_ownercontact','Can delete OwnerContact');
INSERT INTO "auth_permission" VALUES(32,8,'view_ownercontact','Can view OwnerContact');
INSERT INTO "auth_permission" VALUES(33,9,'add_commune','Can add Commune');
INSERT INTO "auth_permission" VALUES(34,9,'change_commune','Can change Commune');
INSERT INTO "auth_permission" VALUES(35,9,'delete_commune','Can delete Commune');
INSERT INTO "auth_permission" VALUES(36,9,'view_commune','Can view Commune');
INSERT INTO "auth_permission" VALUES(37,10,'add_ipvisitor','Can add ip visitor');
INSERT INTO "auth_permission" VALUES(38,10,'change_ipvisitor','Can change ip visitor');
INSERT INTO "auth_permission" VALUES(39,10,'delete_ipvisitor','Can delete ip visitor');
INSERT INTO "auth_permission" VALUES(40,10,'view_ipvisitor','Can view ip visitor');
INSERT INTO "auth_permission" VALUES(41,11,'add_operationhistory','Can add OperationHistory');
INSERT INTO "auth_permission" VALUES(42,11,'change_operationhistory','Can change OperationHistory');
INSERT INTO "auth_permission" VALUES(43,11,'delete_operationhistory','Can delete OperationHistory');
INSERT INTO "auth_permission" VALUES(44,11,'view_operationhistory','Can view OperationHistory');
INSERT INTO "auth_permission" VALUES(45,12,'add_owner','Can add Owner');
INSERT INTO "auth_permission" VALUES(46,12,'change_owner','Can change Owner');
INSERT INTO "auth_permission" VALUES(47,12,'delete_owner','Can delete Owner');
INSERT INTO "auth_permission" VALUES(48,12,'view_owner','Can view Owner');
INSERT INTO "auth_permission" VALUES(49,13,'add_property','Can add Property');
INSERT INTO "auth_permission" VALUES(50,13,'change_property','Can change Property');
INSERT INTO "auth_permission" VALUES(51,13,'delete_property','Can delete Property');
INSERT INTO "auth_permission" VALUES(52,13,'view_property','Can view Property');
INSERT INTO "auth_permission" VALUES(53,14,'add_realtor','Can add Realtor');
INSERT INTO "auth_permission" VALUES(54,14,'change_realtor','Can change Realtor');
INSERT INTO "auth_permission" VALUES(55,14,'delete_realtor','Can delete Realtor');
INSERT INTO "auth_permission" VALUES(56,14,'view_realtor','Can view Realtor');
INSERT INTO "auth_permission" VALUES(57,15,'add_region','Can add Region');
INSERT INTO "auth_permission" VALUES(58,15,'change_region','Can change Region');
INSERT INTO "auth_permission" VALUES(59,15,'delete_region','Can delete Region');
INSERT INTO "auth_permission" VALUES(60,15,'view_region','Can view Region');
INSERT INTO "auth_permission" VALUES(61,16,'add_urbansite','Can add UrbanSite');
INSERT INTO "auth_permission" VALUES(62,16,'change_urbansite','Can change UrbanSite');
INSERT INTO "auth_permission" VALUES(63,16,'delete_urbansite','Can delete UrbanSite');
INSERT INTO "auth_permission" VALUES(64,16,'view_urbansite','Can view UrbanSite');
INSERT INTO "auth_permission" VALUES(65,17,'add_shop','Can add Shop');
INSERT INTO "auth_permission" VALUES(66,17,'change_shop','Can change Shop');
INSERT INTO "auth_permission" VALUES(67,17,'delete_shop','Can delete Shop');
INSERT INTO "auth_permission" VALUES(68,17,'view_shop','Can view Shop');
INSERT INTO "auth_permission" VALUES(69,18,'add_publication','Can add Publication');
INSERT INTO "auth_permission" VALUES(70,18,'change_publication','Can change Publication');
INSERT INTO "auth_permission" VALUES(71,18,'delete_publication','Can delete Publication');
INSERT INTO "auth_permission" VALUES(72,18,'view_publication','Can view Publication');
INSERT INTO "auth_permission" VALUES(73,19,'add_propertyimage','Can add PropertyImage');
INSERT INTO "auth_permission" VALUES(74,19,'change_propertyimage','Can change PropertyImage');
INSERT INTO "auth_permission" VALUES(75,19,'delete_propertyimage','Can delete PropertyImage');
INSERT INTO "auth_permission" VALUES(76,19,'view_propertyimage','Can view PropertyImage');
INSERT INTO "auth_permission" VALUES(77,20,'add_propertycontact','Can add PropertyContact');
INSERT INTO "auth_permission" VALUES(78,20,'change_propertycontact','Can change PropertyContact');
INSERT INTO "auth_permission" VALUES(79,20,'delete_propertycontact','Can delete PropertyContact');
INSERT INTO "auth_permission" VALUES(80,20,'view_propertycontact','Can view PropertyContact');
INSERT INTO "auth_permission" VALUES(81,21,'add_parcel','Can add Parcel');
INSERT INTO "auth_permission" VALUES(82,21,'change_parcel','Can change Parcel');
INSERT INTO "auth_permission" VALUES(83,21,'delete_parcel','Can delete Parcel');
INSERT INTO "auth_permission" VALUES(84,21,'view_parcel','Can view Parcel');
INSERT INTO "auth_permission" VALUES(85,22,'add_office','Can add Office');
INSERT INTO "auth_permission" VALUES(86,22,'change_office','Can change Office');
INSERT INTO "auth_permission" VALUES(87,22,'delete_office','Can delete Office');
INSERT INTO "auth_permission" VALUES(88,22,'view_office','Can view Office');
INSERT INTO "auth_permission" VALUES(89,23,'add_industrial','Can add Industrial');
INSERT INTO "auth_permission" VALUES(90,23,'change_industrial','Can change Industrial');
INSERT INTO "auth_permission" VALUES(91,23,'delete_industrial','Can delete Industrial');
INSERT INTO "auth_permission" VALUES(92,23,'view_industrial','Can view Industrial');
INSERT INTO "auth_permission" VALUES(93,24,'add_house','Can add House');
INSERT INTO "auth_permission" VALUES(94,24,'change_house','Can change House');
INSERT INTO "auth_permission" VALUES(95,24,'delete_house','Can delete House');
INSERT INTO "auth_permission" VALUES(96,24,'view_house','Can view House');
INSERT INTO "auth_permission" VALUES(97,25,'add_cellar','Can add Cellar');
INSERT INTO "auth_permission" VALUES(98,25,'change_cellar','Can change Cellar');
INSERT INTO "auth_permission" VALUES(99,25,'delete_cellar','Can delete Cellar');
INSERT INTO "auth_permission" VALUES(100,25,'view_cellar','Can view Cellar');
INSERT INTO "auth_permission" VALUES(101,26,'add_apartment','Can add Apartment');
INSERT INTO "auth_permission" VALUES(102,26,'change_apartment','Can change Apartment');
INSERT INTO "auth_permission" VALUES(103,26,'delete_apartment','Can delete Apartment');
INSERT INTO "auth_permission" VALUES(104,26,'view_apartment','Can view Apartment');
INSERT INTO "auth_permission" VALUES(105,27,'add_newsletteruser','Can add NewsletterUser');
INSERT INTO "auth_permission" VALUES(106,27,'change_newsletteruser','Can change NewsletterUser');
INSERT INTO "auth_permission" VALUES(107,27,'delete_newsletteruser','Can delete NewsletterUser');
INSERT INTO "auth_permission" VALUES(108,27,'view_newsletteruser','Can view NewsletterUser');
INSERT INTO "auth_permission" VALUES(109,28,'add_newsletter','Can add Newsletter');
INSERT INTO "auth_permission" VALUES(110,28,'change_newsletter','Can change Newsletter');
INSERT INTO "auth_permission" VALUES(111,28,'delete_newsletter','Can delete Newsletter');
INSERT INTO "auth_permission" VALUES(112,28,'view_newsletter','Can view Newsletter');
INSERT INTO "auth_permission" VALUES(113,29,'add_operationhistory','Can add OperationHistory');
INSERT INTO "auth_permission" VALUES(114,29,'change_operationhistory','Can change OperationHistory');
INSERT INTO "auth_permission" VALUES(115,29,'delete_operationhistory','Can delete OperationHistory');
INSERT INTO "auth_permission" VALUES(116,29,'view_operationhistory','Can view OperationHistory');
CREATE UNIQUE INDEX "django_content_type_app_label_model_76bd3d3b_uniq" ON "django_content_type" ("app_label", "model");
CREATE UNIQUE INDEX "auth_group_permissions_group_id_permission_id_0cd325b0_uniq" ON "auth_group_permissions" ("group_id", "permission_id");
CREATE INDEX IF NOT EXISTS "auth_group_permissions_group_id_b120cbf9" ON "auth_group_permissions" ("group_id");
CREATE INDEX IF NOT EXISTS "auth_group_permissions_permission_id_84c5c92e" ON "auth_group_permissions" ("permission_id");
CREATE UNIQUE INDEX "auth_permission_content_type_id_codename_01ab375a_uniq" ON "auth_permission" ("content_type_id", "codename");
CREATE INDEX IF NOT EXISTS "auth_permission_content_type_id_2f476e4b" ON "auth_permission" ("content_type_id");
CREATE UNIQUE INDEX "accounts_customuser_groups_customuser_id_group_id_c074bdcb_uniq" ON "accounts_customuser_groups" ("customuser_id", "group_id");
CREATE INDEX IF NOT EXISTS "accounts_customuser_groups_customuser_id_bc55088e" ON "accounts_customuser_groups" ("customuser_id");
CREATE INDEX IF NOT EXISTS "accounts_customuser_groups_group_id_86ba5f9e" ON "accounts_customuser_groups" ("group_id");
CREATE UNIQUE INDEX "accounts_customuser_user_permissions_customuser_id_permission_id_9632a709_uniq" ON "accounts_customuser_user_permissions" ("customuser_id", "permission_id");
CREATE INDEX IF NOT EXISTS "accounts_customuser_user_permissions_customuser_id_0deaefae" ON "accounts_customuser_user_permissions" ("customuser_id");
CREATE INDEX IF NOT EXISTS "accounts_customuser_user_permissions_permission_id_aea3d0e5" ON "accounts_customuser_user_permissions" ("permission_id");
CREATE INDEX IF NOT EXISTS "django_admin_log_content_type_id_c4bce8eb" ON "django_admin_log" ("content_type_id");
CREATE INDEX IF NOT EXISTS "django_admin_log_user_id_c564eba6" ON "django_admin_log" ("user_id");
CREATE UNIQUE INDEX "newsletters_newsletter_email_newsletter_id_newsletteruser_id_729391df_uniq" ON "newsletters_newsletter_email" ("newsletter_id", "newsletteruser_id");
CREATE INDEX IF NOT EXISTS "newsletters_newsletter_email_newsletter_id_86f76210" ON "newsletters_newsletter_email" ("newsletter_id");
CREATE INDEX IF NOT EXISTS "newsletters_newsletter_email_newsletteruser_id_c7b00502" ON "newsletters_newsletter_email" ("newsletteruser_id");
CREATE INDEX IF NOT EXISTS "properties_urbansite_property_id_0f9e3592" ON "properties_urbansite" ("property_id");
CREATE INDEX IF NOT EXISTS "properties_shop_property_id_10ac3c0d" ON "properties_shop" ("property_id");
CREATE INDEX IF NOT EXISTS "properties_propertyimage_property_id_883194e7" ON "properties_propertyimage" ("property_id");
CREATE INDEX IF NOT EXISTS "properties_propertycontact_property_id_49ac3914" ON "properties_propertycontact" ("property_id");
CREATE INDEX IF NOT EXISTS "properties_property_commune_id_948414dc" ON "properties_property" ("commune_id");
CREATE INDEX IF NOT EXISTS "properties_property_region_id_bdc9e684" ON "properties_property" ("region_id");
CREATE INDEX IF NOT EXISTS "properties_property_user_id_d65e9a67" ON "properties_property" ("user_id");
CREATE INDEX IF NOT EXISTS "properties_parcel_property_id_3ce4d875" ON "properties_parcel" ("property_id");
CREATE INDEX IF NOT EXISTS "properties_office_property_id_02ceab57" ON "properties_office" ("property_id");
CREATE INDEX IF NOT EXISTS "properties_industrial_property_id_ceb76305" ON "properties_industrial" ("property_id");
CREATE INDEX IF NOT EXISTS "properties_house_property_id_cd7f08ea" ON "properties_house" ("property_id");
CREATE INDEX IF NOT EXISTS "properties_commune_location_slug_e136a79f" ON "properties_commune" ("location_slug");
CREATE INDEX IF NOT EXISTS "properties_commune_region_id_5570bcad" ON "properties_commune" ("region_id");
CREATE INDEX IF NOT EXISTS "properties_cellar_property_id_fabcf2b9" ON "properties_cellar" ("property_id");
CREATE INDEX IF NOT EXISTS "properties_apartment_property_id_b78dace9" ON "properties_apartment" ("property_id");
CREATE INDEX IF NOT EXISTS "django_session_expire_date_a5c62663" ON "django_session" ("expire_date");
CREATE INDEX IF NOT EXISTS "properties_publication_owner_id_855dd835" ON "properties_publication" ("owner_id");
CREATE INDEX IF NOT EXISTS "properties_publication_property_id_0ee40f95" ON "properties_publication" ("property_id");
CREATE INDEX IF NOT EXISTS "properties_publication_realtor_id_2ed80779" ON "properties_publication" ("realtor_id");
CREATE INDEX IF NOT EXISTS "properties_publication_user_id_01528e25" ON "properties_publication" ("user_id");
CREATE UNIQUE INDEX "properties_publication_views_publication_id_ipvisitor_id_01380f72_uniq" ON "properties_publication_views" ("publication_id", "ipvisitor_id");
CREATE INDEX IF NOT EXISTS "properties_publication_views_publication_id_2f3e43dc" ON "properties_publication_views" ("publication_id");
CREATE INDEX IF NOT EXISTS "properties_publication_views_ipvisitor_id_5a957899" ON "properties_publication_views" ("ipvisitor_id");
CREATE TABLE IF NOT EXISTS "django_admin_log" ("id" integer NOT NULL PRIMARY KEY AUTOINCREMENT, "object_id" text NULL, "object_repr" varchar(200) NOT NULL, "action_flag" smallint unsigned NOT NULL CHECK ("action_flag" >= 0), "change_message" text NOT NULL, "content_type_id" integer NULL REFERENCES "django_content_type" ("id") DEFERRABLE INITIALLY DEFERRED, "user_id" bigint NOT NULL REFERENCES "accounts_customuser" ("id") DEFERRABLE INITIALLY DEFERRED, "action_time" datetime NOT NULL);
INSERT INTO "django_admin_log" VALUES(1,'1','Casa - Probando creacion venta casa',2,'[{"changed": {"fields": ["Activa"]}}]',13,1,'2023-02-24 02:01:05.712727');
INSERT INTO "django_admin_log" VALUES(2,'1','Casa - Probando creacion venta casa',2,'[]',13,1,'2023-02-24 02:01:11.585836');
INSERT INTO "django_admin_log" VALUES(3,'2','Casa - Probando casa en venta',2,'[{"changed": {"fields": ["Activa"]}}]',13,1,'2023-02-24 02:01:18.471523');
INSERT INTO "django_admin_log" VALUES(4,'2','Casa - Probando casa en venta',2,'[{"changed": {"fields": ["Activa"]}}]',13,1,'2023-02-24 02:19:13.270842');
INSERT INTO "django_admin_log" VALUES(5,'3','Industrial - Propabdno creacion industrial venta',2,'[{"changed": {"fields": ["Nueva"]}}]',13,1,'2023-02-24 03:13:55.575968');
INSERT INTO "django_admin_log" VALUES(6,'3','Industrial - Propabdno creacion industrial venta',2,'[{"changed": {"fields": ["Nueva"]}}]',13,1,'2023-02-24 03:14:35.924606');
INSERT INTO "django_admin_log" VALUES(7,'1','fabian urrutia',1,'[{"added": {}}]',14,1,'2023-02-24 03:41:53.198899');
INSERT INTO "django_admin_log" VALUES(8,'1','manuel / 189994745',1,'[{"added": {}}]',12,1,'2023-02-24 03:42:25.480176');
INSERT INTO "django_admin_log" VALUES(9,'1','Casa - Casa venta',1,'[{"added": {}}]',18,1,'2023-02-24 03:46:12.691005');
INSERT INTO "django_admin_log" VALUES(10,'1','Casa - Casa venta',2,'[{"changed": {"fields": ["Operation"]}}]',18,1,'2023-02-24 04:01:00.808414');
INSERT INTO "django_admin_log" VALUES(11,'1','Casa - Casa venta',2,'[{"changed": {"fields": ["Operation"]}}]',18,1,'2023-02-24 04:03:27.433236');
INSERT INTO "django_admin_log" VALUES(12,'1','Casa - Casa venta',2,'[{"changed": {"fields": ["Operation"]}}]',18,1,'2023-02-24 04:03:43.438702');
INSERT INTO "django_admin_log" VALUES(13,'1','Casa - Casa venta',2,'[{"changed": {"fields": ["Operation"]}}]',18,1,'2023-02-24 04:05:02.653312');
INSERT INTO "django_admin_log" VALUES(14,'1','Casa - Casa venta',2,'[{"changed": {"fields": ["Operation"]}}]',18,1,'2023-02-24 04:05:37.474441');
INSERT INTO "django_admin_log" VALUES(15,'1','Casa - Casa venta',2,'[{"changed": {"fields": ["Operation"]}}]',18,1,'2023-02-24 04:08:32.273707');
INSERT INTO "django_admin_log" VALUES(16,'1','Casa - Casa venta',2,'[{"changed": {"fields": ["Operation"]}}]',18,1,'2023-02-24 04:08:44.362164');
INSERT INTO "django_admin_log" VALUES(17,'1','Casa - Casa venta',2,'[{"changed": {"fields": ["Operation"]}}]',18,1,'2023-02-24 04:08:52.452061');
INSERT INTO "django_admin_log" VALUES(18,'4','Casa - Casa venta',2,'[]',13,1,'2023-02-24 20:48:05.890320');
INSERT INTO "django_admin_log" VALUES(19,'1','Casa - Casa venta',3,'',18,1,'2023-02-24 20:58:38.459108');
INSERT INTO "django_admin_log" VALUES(20,'2','Casa - Casa venta',1,'[{"added": {}}]',18,1,'2023-02-24 21:23:08.123302');
INSERT INTO "django_admin_log" VALUES(21,'2','Casa - Casa venta',2,'[{"changed": {"fields": ["Operation"]}}]',18,1,'2023-02-25 02:26:40.788986');
INSERT INTO "django_admin_log" VALUES(22,'2','Casa - Casa venta',2,'[{"changed": {"fields": ["Operation"]}}]',18,1,'2023-02-25 02:33:27.833203');
INSERT INTO "django_admin_log" VALUES(23,'2','Casa - Casa venta',2,'[{"changed": {"fields": ["Operation"]}}]',18,1,'2023-02-25 02:34:08.527740');
INSERT INTO "django_admin_log" VALUES(24,'1','Casa Venta',2,'[{"changed": {"fields": ["Codigo", "Region", "Comuna"]}}]',11,1,'2023-02-25 19:14:11.723894');
INSERT INTO "django_admin_log" VALUES(25,'2','Casa - Casa venta',2,'[{"changed": {"fields": ["Estado"]}}]',18,1,'2023-02-25 20:54:49.448437');
INSERT INTO "django_admin_log" VALUES(26,'2','Casa - Casa venta',2,'[{"changed": {"fields": ["Estado"]}}]',18,1,'2023-02-25 20:55:25.175449');
INSERT INTO "django_admin_log" VALUES(27,'3','Casa Venta',3,'',11,1,'2023-02-25 20:55:45.439693');
INSERT INTO "django_admin_log" VALUES(28,'2','Casa Venta',3,'',11,1,'2023-02-25 20:55:45.457696');
INSERT INTO "django_admin_log" VALUES(29,'1','Casa Venta',2,'[{"changed": {"fields": ["Estado"]}}]',11,1,'2023-02-25 20:57:24.447655');
INSERT INTO "django_admin_log" VALUES(30,'1','Casa Venta',2,'[{"changed": {"fields": ["Estado"]}}]',11,1,'2023-02-25 20:57:38.887489');
INSERT INTO "django_admin_log" VALUES(31,'2','Casa - Casa venta',2,'[{"changed": {"fields": ["Estado"]}}]',18,1,'2023-02-25 20:57:53.602962');
INSERT INTO "django_admin_log" VALUES(32,'2','Casa - Casa venta',2,'[{"changed": {"fields": ["Estado"]}}]',18,1,'2023-02-25 20:59:48.964687');
INSERT INTO "django_admin_log" VALUES(33,'1','Casa Venta',3,'',11,1,'2023-02-25 21:05:38.448521');
INSERT INTO "django_admin_log" VALUES(34,'2','Casa - Casa venta',2,'[{"changed": {"fields": ["Estado"]}}]',18,1,'2023-02-25 21:05:58.673507');
INSERT INTO "django_admin_log" VALUES(35,'4','Casa Venta',3,'',11,1,'2023-02-25 21:14:31.362916');
INSERT INTO "django_admin_log" VALUES(36,'2','Casa - Casa venta',2,'[{"changed": {"fields": ["Estado"]}}]',18,1,'2023-02-25 21:17:16.408197');
INSERT INTO "django_admin_log" VALUES(37,'2','Casa - Casa venta',2,'[{"changed": {"fields": ["Estado"]}}]',18,1,'2023-02-25 21:20:16.745400');
INSERT INTO "django_admin_log" VALUES(38,'2','Casa - Casa venta',2,'[{"changed": {"fields": ["Estado"]}}]',18,1,'2023-02-25 21:20:20.100288');
INSERT INTO "django_admin_log" VALUES(39,'8','Casa Venta',3,'',11,1,'2023-02-25 21:20:39.247453');
INSERT INTO "django_admin_log" VALUES(40,'7','Casa Venta',3,'',11,1,'2023-02-25 21:20:39.258394');
INSERT INTO "django_admin_log" VALUES(41,'6','Casa Venta',3,'',11,1,'2023-02-25 21:20:39.269279');
INSERT INTO "django_admin_log" VALUES(42,'2','Casa - Casa venta',2,'[{"changed": {"fields": ["Estado"]}}]',18,1,'2023-02-25 21:20:54.799972');
INSERT INTO "django_admin_log" VALUES(43,'9','Casa Venta',3,'',11,1,'2023-02-25 21:32:15.068926');
INSERT INTO "django_admin_log" VALUES(44,'2','Casa - Casa venta',2,'[{"changed": {"fields": ["Estado"]}}]',18,1,'2023-02-25 21:32:28.544702');
INSERT INTO "django_admin_log" VALUES(45,'2','Casa - Casa venta',2,'[{"changed": {"fields": ["Operation"]}}]',18,1,'2023-02-25 21:33:28.929987');
INSERT INTO "django_admin_log" VALUES(46,'5','Casa Venta',3,'',11,1,'2023-02-25 21:33:42.776483');
INSERT INTO "django_admin_log" VALUES(47,'10','Casa Venta',3,'',11,1,'2023-02-25 21:34:22.395752');
INSERT INTO "django_admin_log" VALUES(48,'2','Casa - Casa venta',2,'[{"changed": {"fields": ["Operation"]}}]',18,1,'2023-02-25 21:34:33.326248');
INSERT INTO "django_admin_log" VALUES(49,'569','Casa Venta',3,'',11,1,'2023-02-25 21:37:43.479258');
INSERT INTO "django_admin_log" VALUES(50,'568','Casa Venta',3,'',11,1,'2023-02-25 21:37:43.494619');
INSERT INTO "django_admin_log" VALUES(51,'567','Casa Venta',3,'',11,1,'2023-02-25 21:37:43.504611');
INSERT INTO "django_admin_log" VALUES(52,'566','Casa Venta',3,'',11,1,'2023-02-25 21:37:43.514618');
INSERT INTO "django_admin_log" VALUES(53,'565','Casa Venta',3,'',11,1,'2023-02-25 21:37:43.534608');
INSERT INTO "django_admin_log" VALUES(54,'564','Casa Venta',3,'',11,1,'2023-02-25 21:37:43.544613');
INSERT INTO "django_admin_log" VALUES(55,'563','Casa Venta',3,'',11,1,'2023-02-25 21:37:43.554603');
INSERT INTO "django_admin_log" VALUES(56,'562','Casa Venta',3,'',11,1,'2023-02-25 21:37:43.574606');
INSERT INTO "django_admin_log" VALUES(57,'561','Casa Venta',3,'',11,1,'2023-02-25 21:37:43.584604');
INSERT INTO "django_admin_log" VALUES(58,'560','Casa Venta',3,'',11,1,'2023-02-25 21:37:43.604604');
INSERT INTO "django_admin_log" VALUES(59,'559','Casa Venta',3,'',11,1,'2023-02-25 21:37:43.614613');
INSERT INTO "django_admin_log" VALUES(60,'558','Casa Venta',3,'',11,1,'2023-02-25 21:37:43.634605');
INSERT INTO "django_admin_log" VALUES(61,'557','Casa Venta',3,'',11,1,'2023-02-25 21:37:43.644605');
INSERT INTO "django_admin_log" VALUES(62,'556','Casa Venta',3,'',11,1,'2023-02-25 21:37:43.654604');
INSERT INTO "django_admin_log" VALUES(63,'555','Casa Venta',3,'',11,1,'2023-02-25 21:37:43.674605');
INSERT INTO "django_admin_log" VALUES(64,'554','Casa Venta',3,'',11,1,'2023-02-25 21:37:43.684614');
INSERT INTO "django_admin_log" VALUES(65,'553','Casa Venta',3,'',11,1,'2023-02-25 21:37:43.694607');
INSERT INTO "django_admin_log" VALUES(66,'552','Casa Venta',3,'',11,1,'2023-02-25 21:37:43.714608');
INSERT INTO "django_admin_log" VALUES(67,'551','Casa Venta',3,'',11,1,'2023-02-25 21:37:43.724607');
INSERT INTO "django_admin_log" VALUES(68,'550','Casa Venta',3,'',11,1,'2023-02-25 21:37:43.734606');
INSERT INTO "django_admin_log" VALUES(69,'549','Casa Venta',3,'',11,1,'2023-02-25 21:37:43.754606');
INSERT INTO "django_admin_log" VALUES(70,'548','Casa Venta',3,'',11,1,'2023-02-25 21:37:43.764605');
INSERT INTO "django_admin_log" VALUES(71,'547','Casa Venta',3,'',11,1,'2023-02-25 21:37:43.774607');
INSERT INTO "django_admin_log" VALUES(72,'546','Casa Venta',3,'',11,1,'2023-02-25 21:37:43.784602');
INSERT INTO "django_admin_log" VALUES(73,'545','Casa Venta',3,'',11,1,'2023-02-25 21:37:43.804617');
INSERT INTO "django_admin_log" VALUES(74,'544','Casa Venta',3,'',11,1,'2023-02-25 21:37:43.814605');
INSERT INTO "django_admin_log" VALUES(75,'543','Casa Venta',3,'',11,1,'2023-02-25 21:37:43.824602');
INSERT INTO "django_admin_log" VALUES(76,'542','Casa Venta',3,'',11,1,'2023-02-25 21:37:43.844605');
INSERT INTO "django_admin_log" VALUES(77,'541','Casa Venta',3,'',11,1,'2023-02-25 21:37:43.854610');
INSERT INTO "django_admin_log" VALUES(78,'540','Casa Venta',3,'',11,1,'2023-02-25 21:37:43.874604');
INSERT INTO "django_admin_log" VALUES(79,'539','Casa Venta',3,'',11,1,'2023-02-25 21:37:43.884603');
INSERT INTO "django_admin_log" VALUES(80,'538','Casa Venta',3,'',11,1,'2023-02-25 21:37:43.894609');
INSERT INTO "django_admin_log" VALUES(81,'537','Casa Venta',3,'',11,1,'2023-02-25 21:37:43.904605');
INSERT INTO "django_admin_log" VALUES(82,'536','Casa Venta',3,'',11,1,'2023-02-25 21:37:43.924608');
INSERT INTO "django_admin_log" VALUES(83,'535','Casa Venta',3,'',11,1,'2023-02-25 21:37:43.934604');
INSERT INTO "django_admin_log" VALUES(84,'534','Casa Venta',3,'',11,1,'2023-02-25 21:37:43.954612');
INSERT INTO "django_admin_log" VALUES(85,'533','Casa Venta',3,'',11,1,'2023-02-25 21:37:43.964604');
INSERT INTO "django_admin_log" VALUES(86,'532','Casa Venta',3,'',11,1,'2023-02-25 21:37:43.984606');
INSERT INTO "django_admin_log" VALUES(87,'531','Casa Venta',3,'',11,1,'2023-02-25 21:37:43.994606');
INSERT INTO "django_admin_log" VALUES(88,'530','Casa Venta',3,'',11,1,'2023-02-25 21:37:44.004607');
INSERT INTO "django_admin_log" VALUES(89,'529','Casa Venta',3,'',11,1,'2023-02-25 21:37:44.024613');
INSERT INTO "django_admin_log" VALUES(90,'528','Casa Venta',3,'',11,1,'2023-02-25 21:37:44.034612');
INSERT INTO "django_admin_log" VALUES(91,'527','Casa Venta',3,'',11,1,'2023-02-25 21:37:44.044609');
INSERT INTO "django_admin_log" VALUES(92,'526','Casa Venta',3,'',11,1,'2023-02-25 21:37:44.064604');
INSERT INTO "django_admin_log" VALUES(93,'525','Casa Venta',3,'',11,1,'2023-02-25 21:37:44.079710');
INSERT INTO "django_admin_log" VALUES(94,'524','Casa Venta',3,'',11,1,'2023-02-25 21:37:44.096709');
INSERT INTO "django_admin_log" VALUES(95,'523','Casa Venta',3,'',11,1,'2023-02-25 21:37:44.111222');
INSERT INTO "django_admin_log" VALUES(96,'522','Casa Venta',3,'',11,1,'2023-02-25 21:37:44.114743');
INSERT INTO "django_admin_log" VALUES(97,'521','Casa Venta',3,'',11,1,'2023-02-25 21:37:44.136812');
INSERT INTO "django_admin_log" VALUES(98,'520','Casa Venta',3,'',11,1,'2023-02-25 21:37:44.150822');
INSERT INTO "django_admin_log" VALUES(99,'519','Casa Venta',3,'',11,1,'2023-02-25 21:37:44.164817');
INSERT INTO "django_admin_log" VALUES(100,'518','Casa Venta',3,'',11,1,'2023-02-25 21:37:44.177822');
INSERT INTO "django_admin_log" VALUES(101,'517','Casa Venta',3,'',11,1,'2023-02-25 21:37:44.192820');
INSERT INTO "django_admin_log" VALUES(102,'516','Casa Venta',3,'',11,1,'2023-02-25 21:37:44.205826');
INSERT INTO "django_admin_log" VALUES(103,'515','Casa Venta',3,'',11,1,'2023-02-25 21:37:44.220821');
INSERT INTO "django_admin_log" VALUES(104,'514','Casa Venta',3,'',11,1,'2023-02-25 21:37:44.235819');
INSERT INTO "django_admin_log" VALUES(105,'513','Casa Venta',3,'',11,1,'2023-02-25 21:37:44.251819');
INSERT INTO "django_admin_log" VALUES(106,'512','Casa Venta',3,'',11,1,'2023-02-25 21:37:44.265825');
INSERT INTO "django_admin_log" VALUES(107,'511','Casa Venta',3,'',11,1,'2023-02-25 21:37:44.282818');
INSERT INTO "django_admin_log" VALUES(108,'510','Casa Venta',3,'',11,1,'2023-02-25 21:37:44.298825');
INSERT INTO "django_admin_log" VALUES(109,'509','Casa Venta',3,'',11,1,'2023-02-25 21:37:44.312819');
INSERT INTO "django_admin_log" VALUES(110,'508','Casa Venta',3,'',11,1,'2023-02-25 21:37:44.328821');
INSERT INTO "django_admin_log" VALUES(111,'507','Casa Venta',3,'',11,1,'2023-02-25 21:37:44.343823');
INSERT INTO "django_admin_log" VALUES(112,'506','Casa Venta',3,'',11,1,'2023-02-25 21:37:44.358817');
INSERT INTO "django_admin_log" VALUES(113,'505','Casa Venta',3,'',11,1,'2023-02-25 21:37:44.373816');
INSERT INTO "django_admin_log" VALUES(114,'504','Casa Venta',3,'',11,1,'2023-02-25 21:37:44.387813');
INSERT INTO "django_admin_log" VALUES(115,'503','Casa Venta',3,'',11,1,'2023-02-25 21:37:44.402813');
INSERT INTO "django_admin_log" VALUES(116,'502','Casa Venta',3,'',11,1,'2023-02-25 21:37:44.417820');
INSERT INTO "django_admin_log" VALUES(117,'501','Casa Venta',3,'',11,1,'2023-02-25 21:37:44.433814');
INSERT INTO "django_admin_log" VALUES(118,'500','Casa Venta',3,'',11,1,'2023-02-25 21:37:44.447821');
INSERT INTO "django_admin_log" VALUES(119,'499','Casa Venta',3,'',11,1,'2023-02-25 21:37:44.460152');
INSERT INTO "django_admin_log" VALUES(120,'498','Casa Venta',3,'',11,1,'2023-02-25 21:37:44.470151');
INSERT INTO "django_admin_log" VALUES(121,'497','Casa Venta',3,'',11,1,'2023-02-25 21:37:44.480149');
INSERT INTO "django_admin_log" VALUES(122,'496','Casa Venta',3,'',11,1,'2023-02-25 21:37:44.500153');
INSERT INTO "django_admin_log" VALUES(123,'495','Casa Venta',3,'',11,1,'2023-02-25 21:37:44.510155');
INSERT INTO "django_admin_log" VALUES(124,'494','Casa Venta',3,'',11,1,'2023-02-25 21:37:44.520152');
INSERT INTO "django_admin_log" VALUES(125,'493','Casa Venta',3,'',11,1,'2023-02-25 21:37:44.540153');
INSERT INTO "django_admin_log" VALUES(126,'492','Casa Venta',3,'',11,1,'2023-02-25 21:37:44.550154');
INSERT INTO "django_admin_log" VALUES(127,'491','Casa Venta',3,'',11,1,'2023-02-25 21:37:44.570154');
INSERT INTO "django_admin_log" VALUES(128,'490','Casa Venta',3,'',11,1,'2023-02-25 21:37:44.580155');
INSERT INTO "django_admin_log" VALUES(129,'489','Casa Venta',3,'',11,1,'2023-02-25 21:37:44.600153');
INSERT INTO "django_admin_log" VALUES(130,'488','Casa Venta',3,'',11,1,'2023-02-25 21:37:44.610152');
INSERT INTO "django_admin_log" VALUES(131,'487','Casa Venta',3,'',11,1,'2023-02-25 21:37:44.630153');
INSERT INTO "django_admin_log" VALUES(132,'486','Casa Venta',3,'',11,1,'2023-02-25 21:37:44.650153');
INSERT INTO "django_admin_log" VALUES(133,'485','Casa Venta',3,'',11,1,'2023-02-25 21:37:44.660152');
INSERT INTO "django_admin_log" VALUES(134,'484','Casa Venta',3,'',11,1,'2023-02-25 21:37:44.680153');
INSERT INTO "django_admin_log" VALUES(135,'483','Casa Venta',3,'',11,1,'2023-02-25 21:37:44.690154');
INSERT INTO "django_admin_log" VALUES(136,'482','Casa Venta',3,'',11,1,'2023-02-25 21:37:44.700154');
INSERT INTO "django_admin_log" VALUES(137,'481','Casa Venta',3,'',11,1,'2023-02-25 21:37:44.720154');
INSERT INTO "django_admin_log" VALUES(138,'480','Casa Venta',3,'',11,1,'2023-02-25 21:37:44.730160');
INSERT INTO "django_admin_log" VALUES(139,'479','Casa Venta',3,'',11,1,'2023-02-25 21:37:44.740150');
INSERT INTO "django_admin_log" VALUES(140,'478','Casa Venta',3,'',11,1,'2023-02-25 21:37:44.761309');
INSERT INTO "django_admin_log" VALUES(141,'477','Casa Venta',3,'',11,1,'2023-02-25 21:37:44.776149');
INSERT INTO "django_admin_log" VALUES(142,'476','Casa Venta',3,'',11,1,'2023-02-25 21:37:44.790148');
INSERT INTO "django_admin_log" VALUES(143,'475','Casa Venta',3,'',11,1,'2023-02-25 21:37:44.804146');
INSERT INTO "django_admin_log" VALUES(144,'474','Casa Venta',3,'',11,1,'2023-02-25 21:37:44.817148');
INSERT INTO "django_admin_log" VALUES(145,'473','Casa Venta',3,'',11,1,'2023-02-25 21:37:44.830148');
INSERT INTO "django_admin_log" VALUES(146,'472','Casa Venta',3,'',11,1,'2023-02-25 21:37:44.843149');
INSERT INTO "django_admin_log" VALUES(147,'471','Casa Venta',3,'',11,1,'2023-02-25 21:37:44.856146');
INSERT INTO "django_admin_log" VALUES(148,'470','Casa Venta',3,'',11,1,'2023-02-25 21:37:44.870146');
INSERT INTO "django_admin_log" VALUES(149,'469','Casa Venta',3,'',11,1,'2023-02-25 21:37:57.459207');
INSERT INTO "django_admin_log" VALUES(150,'468','Casa Venta',3,'',11,1,'2023-02-25 21:37:57.469209');
INSERT INTO "django_admin_log" VALUES(151,'467','Casa Venta',3,'',11,1,'2023-02-25 21:37:57.489210');
INSERT INTO "django_admin_log" VALUES(152,'466','Casa Venta',3,'',11,1,'2023-02-25 21:37:57.499220');
INSERT INTO "django_admin_log" VALUES(153,'465','Casa Venta',3,'',11,1,'2023-02-25 21:37:57.509204');
INSERT INTO "django_admin_log" VALUES(154,'464','Casa Venta',3,'',11,1,'2023-02-25 21:37:57.529216');
INSERT INTO "django_admin_log" VALUES(155,'463','Casa Venta',3,'',11,1,'2023-02-25 21:37:57.539205');
INSERT INTO "django_admin_log" VALUES(156,'462','Casa Venta',3,'',11,1,'2023-02-25 21:37:57.559206');
INSERT INTO "django_admin_log" VALUES(157,'461','Casa Venta',3,'',11,1,'2023-02-25 21:37:57.569208');
INSERT INTO "django_admin_log" VALUES(158,'460','Casa Venta',3,'',11,1,'2023-02-25 21:37:57.589206');
INSERT INTO "django_admin_log" VALUES(159,'459','Casa Venta',3,'',11,1,'2023-02-25 21:37:57.599207');
INSERT INTO "django_admin_log" VALUES(160,'458','Casa Venta',3,'',11,1,'2023-02-25 21:37:57.609212');
INSERT INTO "django_admin_log" VALUES(161,'457','Casa Venta',3,'',11,1,'2023-02-25 21:37:57.629206');
INSERT INTO "django_admin_log" VALUES(162,'456','Casa Venta',3,'',11,1,'2023-02-25 21:37:57.639207');
INSERT INTO "django_admin_log" VALUES(163,'455','Casa Venta',3,'',11,1,'2023-02-25 21:37:57.659207');
INSERT INTO "django_admin_log" VALUES(164,'454','Casa Venta',3,'',11,1,'2023-02-25 21:37:57.669205');
INSERT INTO "django_admin_log" VALUES(165,'453','Casa Venta',3,'',11,1,'2023-02-25 21:37:57.689206');
INSERT INTO "django_admin_log" VALUES(166,'452','Casa Venta',3,'',11,1,'2023-02-25 21:37:57.709208');
INSERT INTO "django_admin_log" VALUES(167,'451','Casa Venta',3,'',11,1,'2023-02-25 21:37:57.719208');
INSERT INTO "django_admin_log" VALUES(168,'450','Casa Venta',3,'',11,1,'2023-02-25 21:37:57.729223');
INSERT INTO "django_admin_log" VALUES(169,'449','Casa Venta',3,'',11,1,'2023-02-25 21:37:57.749207');
INSERT INTO "django_admin_log" VALUES(170,'448','Casa Venta',3,'',11,1,'2023-02-25 21:37:57.759209');
INSERT INTO "django_admin_log" VALUES(171,'447','Casa Venta',3,'',11,1,'2023-02-25 21:37:57.779209');
INSERT INTO "django_admin_log" VALUES(172,'446','Casa Venta',3,'',11,1,'2023-02-25 21:37:57.789212');
INSERT INTO "django_admin_log" VALUES(173,'445','Casa Venta',3,'',11,1,'2023-02-25 21:37:57.799206');
INSERT INTO "django_admin_log" VALUES(174,'444','Casa Venta',3,'',11,1,'2023-02-25 21:37:57.809206');
INSERT INTO "django_admin_log" VALUES(175,'443','Casa Venta',3,'',11,1,'2023-02-25 21:37:57.829216');
INSERT INTO "django_admin_log" VALUES(176,'442','Casa Venta',3,'',11,1,'2023-02-25 21:37:57.839211');
INSERT INTO "django_admin_log" VALUES(177,'441','Casa Venta',3,'',11,1,'2023-02-25 21:37:57.859206');
INSERT INTO "django_admin_log" VALUES(178,'440','Casa Venta',3,'',11,1,'2023-02-25 21:37:57.869207');
INSERT INTO "django_admin_log" VALUES(179,'439','Casa Venta',3,'',11,1,'2023-02-25 21:37:57.879206');
INSERT INTO "django_admin_log" VALUES(180,'438','Casa Venta',3,'',11,1,'2023-02-25 21:37:57.889208');
INSERT INTO "django_admin_log" VALUES(181,'437','Casa Venta',3,'',11,1,'2023-02-25 21:37:57.909213');
INSERT INTO "django_admin_log" VALUES(182,'436','Casa Venta',3,'',11,1,'2023-02-25 21:37:57.919211');
INSERT INTO "django_admin_log" VALUES(183,'435','Casa Venta',3,'',11,1,'2023-02-25 21:37:57.939213');
INSERT INTO "django_admin_log" VALUES(184,'434','Casa Venta',3,'',11,1,'2023-02-25 21:37:57.949207');
INSERT INTO "django_admin_log" VALUES(185,'433','Casa Venta',3,'',11,1,'2023-02-25 21:37:57.969212');
INSERT INTO "django_admin_log" VALUES(186,'432','Casa Venta',3,'',11,1,'2023-02-25 21:37:57.979213');
INSERT INTO "django_admin_log" VALUES(187,'431','Casa Venta',3,'',11,1,'2023-02-25 21:37:57.989207');
INSERT INTO "django_admin_log" VALUES(188,'430','Casa Venta',3,'',11,1,'2023-02-25 21:37:58.009207');
INSERT INTO "django_admin_log" VALUES(189,'429','Casa Venta',3,'',11,1,'2023-02-25 21:37:58.019207');
INSERT INTO "django_admin_log" VALUES(190,'428','Casa Venta',3,'',11,1,'2023-02-25 21:37:58.029206');
INSERT INTO "django_admin_log" VALUES(191,'427','Casa Venta',3,'',11,1,'2023-02-25 21:37:58.049209');
INSERT INTO "django_admin_log" VALUES(192,'426','Casa Venta',3,'',11,1,'2023-02-25 21:37:58.064155');
INSERT INTO "django_admin_log" VALUES(193,'425','Casa Venta',3,'',11,1,'2023-02-25 21:37:58.079156');
INSERT INTO "django_admin_log" VALUES(194,'424','Casa Venta',3,'',11,1,'2023-02-25 21:37:58.095153');
INSERT INTO "django_admin_log" VALUES(195,'423','Casa Venta',3,'',11,1,'2023-02-25 21:37:58.110199');
INSERT INTO "django_admin_log" VALUES(196,'422','Casa Venta',3,'',11,1,'2023-02-25 21:37:58.130632');
INSERT INTO "django_admin_log" VALUES(197,'421','Casa Venta',3,'',11,1,'2023-02-25 21:37:58.149633');
INSERT INTO "django_admin_log" VALUES(198,'420','Casa Venta',3,'',11,1,'2023-02-25 21:37:58.163634');
INSERT INTO "django_admin_log" VALUES(199,'419','Casa Venta',3,'',11,1,'2023-02-25 21:37:58.178631');
INSERT INTO "django_admin_log" VALUES(200,'418','Casa Venta',3,'',11,1,'2023-02-25 21:37:58.192637');
INSERT INTO "django_admin_log" VALUES(201,'417','Casa Venta',3,'',11,1,'2023-02-25 21:37:58.208635');
INSERT INTO "django_admin_log" VALUES(202,'416','Casa Venta',3,'',11,1,'2023-02-25 21:37:58.225631');
INSERT INTO "django_admin_log" VALUES(203,'415','Casa Venta',3,'',11,1,'2023-02-25 21:37:58.240636');
INSERT INTO "django_admin_log" VALUES(204,'414','Casa Venta',3,'',11,1,'2023-02-25 21:37:58.255632');
INSERT INTO "django_admin_log" VALUES(205,'413','Casa Venta',3,'',11,1,'2023-02-25 21:37:58.268633');
INSERT INTO "django_admin_log" VALUES(206,'412','Casa Venta',3,'',11,1,'2023-02-25 21:37:58.282632');
INSERT INTO "django_admin_log" VALUES(207,'411','Casa Venta',3,'',11,1,'2023-02-25 21:37:58.296630');
INSERT INTO "django_admin_log" VALUES(208,'410','Casa Venta',3,'',11,1,'2023-02-25 21:37:58.311633');
INSERT INTO "django_admin_log" VALUES(209,'409','Casa Venta',3,'',11,1,'2023-02-25 21:37:58.325633');
INSERT INTO "django_admin_log" VALUES(210,'408','Casa Venta',3,'',11,1,'2023-02-25 21:37:58.340634');
INSERT INTO "django_admin_log" VALUES(211,'407','Casa Venta',3,'',11,1,'2023-02-25 21:37:58.355632');
INSERT INTO "django_admin_log" VALUES(212,'406','Casa Venta',3,'',11,1,'2023-02-25 21:37:58.369632');
INSERT INTO "django_admin_log" VALUES(213,'405','Casa Venta',3,'',11,1,'2023-02-25 21:37:58.383634');
INSERT INTO "django_admin_log" VALUES(214,'404','Casa Venta',3,'',11,1,'2023-02-25 21:37:58.396633');
INSERT INTO "django_admin_log" VALUES(215,'403','Casa Venta',3,'',11,1,'2023-02-25 21:37:58.409208');
INSERT INTO "django_admin_log" VALUES(216,'402','Casa Venta',3,'',11,1,'2023-02-25 21:37:58.419209');
INSERT INTO "django_admin_log" VALUES(217,'401','Casa Venta',3,'',11,1,'2023-02-25 21:37:58.429202');
INSERT INTO "django_admin_log" VALUES(218,'400','Casa Venta',3,'',11,1,'2023-02-25 21:37:58.439204');
INSERT INTO "django_admin_log" VALUES(219,'399','Casa Venta',3,'',11,1,'2023-02-25 21:37:58.459215');
INSERT INTO "django_admin_log" VALUES(220,'398','Casa Venta',3,'',11,1,'2023-02-25 21:37:58.469207');
INSERT INTO "django_admin_log" VALUES(221,'397','Casa Venta',3,'',11,1,'2023-02-25 21:37:58.479202');
INSERT INTO "django_admin_log" VALUES(222,'396','Casa Venta',3,'',11,1,'2023-02-25 21:37:58.499204');
INSERT INTO "django_admin_log" VALUES(223,'395','Casa Venta',3,'',11,1,'2023-02-25 21:37:58.509204');
INSERT INTO "django_admin_log" VALUES(224,'394','Casa Venta',3,'',11,1,'2023-02-25 21:37:58.519203');
INSERT INTO "django_admin_log" VALUES(225,'393','Casa Venta',3,'',11,1,'2023-02-25 21:37:58.539207');
INSERT INTO "django_admin_log" VALUES(226,'392','Casa Venta',3,'',11,1,'2023-02-25 21:37:58.549209');
INSERT INTO "django_admin_log" VALUES(227,'391','Casa Venta',3,'',11,1,'2023-02-25 21:37:58.567324');
INSERT INTO "django_admin_log" VALUES(228,'390','Casa Venta',3,'',11,1,'2023-02-25 21:37:58.583336');
INSERT INTO "django_admin_log" VALUES(229,'389','Casa Venta',3,'',11,1,'2023-02-25 21:37:58.599095');
INSERT INTO "django_admin_log" VALUES(230,'388','Casa Venta',3,'',11,1,'2023-02-25 21:37:58.609099');
INSERT INTO "django_admin_log" VALUES(231,'387','Casa Venta',3,'',11,1,'2023-02-25 21:37:58.626633');
INSERT INTO "django_admin_log" VALUES(232,'386','Casa Venta',3,'',11,1,'2023-02-25 21:37:58.639636');
INSERT INTO "django_admin_log" VALUES(233,'385','Casa Venta',3,'',11,1,'2023-02-25 21:37:58.652630');
INSERT INTO "django_admin_log" VALUES(234,'384','Casa Venta',3,'',11,1,'2023-02-25 21:37:58.665635');
INSERT INTO "django_admin_log" VALUES(235,'383','Casa Venta',3,'',11,1,'2023-02-25 21:37:58.678632');
INSERT INTO "django_admin_log" VALUES(236,'382','Casa Venta',3,'',11,1,'2023-02-25 21:37:58.693633');
INSERT INTO "django_admin_log" VALUES(237,'381','Casa Venta',3,'',11,1,'2023-02-25 21:37:58.706642');
INSERT INTO "django_admin_log" VALUES(238,'380','Casa Venta',3,'',11,1,'2023-02-25 21:37:58.718631');
INSERT INTO "django_admin_log" VALUES(239,'379','Casa Venta',3,'',11,1,'2023-02-25 21:37:58.731628');
INSERT INTO "django_admin_log" VALUES(240,'378','Casa Venta',3,'',11,1,'2023-02-25 21:37:58.745630');
INSERT INTO "django_admin_log" VALUES(241,'377','Casa Venta',3,'',11,1,'2023-02-25 21:37:58.760629');
INSERT INTO "django_admin_log" VALUES(242,'376','Casa Venta',3,'',11,1,'2023-02-25 21:37:58.774635');
INSERT INTO "django_admin_log" VALUES(243,'375','Casa Venta',3,'',11,1,'2023-02-25 21:37:58.790632');
INSERT INTO "django_admin_log" VALUES(244,'374','Casa Venta',3,'',11,1,'2023-02-25 21:37:58.806634');
INSERT INTO "django_admin_log" VALUES(245,'373','Casa Venta',3,'',11,1,'2023-02-25 21:37:58.822632');
INSERT INTO "django_admin_log" VALUES(246,'372','Casa Venta',3,'',11,1,'2023-02-25 21:37:58.836631');
INSERT INTO "django_admin_log" VALUES(247,'371','Casa Venta',3,'',11,1,'2023-02-25 21:37:58.848630');
INSERT INTO "django_admin_log" VALUES(248,'370','Casa Venta',3,'',11,1,'2023-02-25 21:37:58.861629');
INSERT INTO "django_admin_log" VALUES(249,'369','Casa Venta',3,'',11,1,'2023-02-25 21:38:06.315270');
INSERT INTO "django_admin_log" VALUES(250,'368','Casa Venta',3,'',11,1,'2023-02-25 21:38:06.324538');
INSERT INTO "django_admin_log" VALUES(251,'367','Casa Venta',3,'',11,1,'2023-02-25 21:38:06.344567');
INSERT INTO "django_admin_log" VALUES(252,'366','Casa Venta',3,'',11,1,'2023-02-25 21:38:06.354566');
INSERT INTO "django_admin_log" VALUES(253,'365','Casa Venta',3,'',11,1,'2023-02-25 21:38:06.374564');
INSERT INTO "django_admin_log" VALUES(254,'364','Casa Venta',3,'',11,1,'2023-02-25 21:38:06.384563');
INSERT INTO "django_admin_log" VALUES(255,'363','Casa Venta',3,'',11,1,'2023-02-25 21:38:06.394559');
INSERT INTO "django_admin_log" VALUES(256,'362','Casa Venta',3,'',11,1,'2023-02-25 21:38:06.414562');
INSERT INTO "django_admin_log" VALUES(257,'361','Casa Venta',3,'',11,1,'2023-02-25 21:38:06.424563');
INSERT INTO "django_admin_log" VALUES(258,'360','Casa Venta',3,'',11,1,'2023-02-25 21:38:06.444559');
INSERT INTO "django_admin_log" VALUES(259,'359','Casa Venta',3,'',11,1,'2023-02-25 21:38:06.454565');
INSERT INTO "django_admin_log" VALUES(260,'358','Casa Venta',3,'',11,1,'2023-02-25 21:38:06.464566');
INSERT INTO "django_admin_log" VALUES(261,'357','Casa Venta',3,'',11,1,'2023-02-25 21:38:06.484558');
INSERT INTO "django_admin_log" VALUES(262,'356','Casa Venta',3,'',11,1,'2023-02-25 21:38:06.494561');
INSERT INTO "django_admin_log" VALUES(263,'355','Casa Venta',3,'',11,1,'2023-02-25 21:38:06.514567');
INSERT INTO "django_admin_log" VALUES(264,'354','Casa Venta',3,'',11,1,'2023-02-25 21:38:06.524558');
INSERT INTO "django_admin_log" VALUES(265,'353','Casa Venta',3,'',11,1,'2023-02-25 21:38:06.534560');
INSERT INTO "django_admin_log" VALUES(266,'352','Casa Venta',3,'',11,1,'2023-02-25 21:38:06.544559');
INSERT INTO "django_admin_log" VALUES(267,'351','Casa Venta',3,'',11,1,'2023-02-25 21:38:06.564578');
INSERT INTO "django_admin_log" VALUES(268,'350','Casa Venta',3,'',11,1,'2023-02-25 21:38:06.574565');
INSERT INTO "django_admin_log" VALUES(269,'349','Casa Venta',3,'',11,1,'2023-02-25 21:38:06.584562');
INSERT INTO "django_admin_log" VALUES(270,'348','Casa Venta',3,'',11,1,'2023-02-25 21:38:06.604571');
INSERT INTO "django_admin_log" VALUES(271,'347','Casa Venta',3,'',11,1,'2023-02-25 21:38:06.614560');
INSERT INTO "django_admin_log" VALUES(272,'346','Casa Venta',3,'',11,1,'2023-02-25 21:38:06.624562');
INSERT INTO "django_admin_log" VALUES(273,'345','Casa Venta',3,'',11,1,'2023-02-25 21:38:06.634566');
INSERT INTO "django_admin_log" VALUES(274,'344','Casa Venta',3,'',11,1,'2023-02-25 21:38:06.654563');
INSERT INTO "django_admin_log" VALUES(275,'343','Casa Venta',3,'',11,1,'2023-02-25 21:38:06.664561');
INSERT INTO "django_admin_log" VALUES(276,'342','Casa Venta',3,'',11,1,'2023-02-25 21:38:06.674571');
INSERT INTO "django_admin_log" VALUES(277,'341','Casa Venta',3,'',11,1,'2023-02-25 21:38:06.684572');
INSERT INTO "django_admin_log" VALUES(278,'340','Casa Venta',3,'',11,1,'2023-02-25 21:38:06.704579');
INSERT INTO "django_admin_log" VALUES(279,'339','Casa Venta',3,'',11,1,'2023-02-25 21:38:06.714559');
INSERT INTO "django_admin_log" VALUES(280,'338','Casa Venta',3,'',11,1,'2023-02-25 21:38:06.724559');
INSERT INTO "django_admin_log" VALUES(281,'337','Casa Venta',3,'',11,1,'2023-02-25 21:38:06.744560');
INSERT INTO "django_admin_log" VALUES(282,'336','Casa Venta',3,'',11,1,'2023-02-25 21:38:06.754559');
INSERT INTO "django_admin_log" VALUES(283,'335','Casa Venta',3,'',11,1,'2023-02-25 21:38:06.764559');
INSERT INTO "django_admin_log" VALUES(284,'334','Casa Venta',3,'',11,1,'2023-02-25 21:38:06.784567');
INSERT INTO "django_admin_log" VALUES(285,'333','Casa Venta',3,'',11,1,'2023-02-25 21:38:06.804564');
INSERT INTO "django_admin_log" VALUES(286,'332','Casa Venta',3,'',11,1,'2023-02-25 21:38:06.814561');
INSERT INTO "django_admin_log" VALUES(287,'331','Casa Venta',3,'',11,1,'2023-02-25 21:38:06.824571');
INSERT INTO "django_admin_log" VALUES(288,'330','Casa Venta',3,'',11,1,'2023-02-25 21:38:06.844568');
INSERT INTO "django_admin_log" VALUES(289,'329','Casa Venta',3,'',11,1,'2023-02-25 21:38:06.854565');
INSERT INTO "django_admin_log" VALUES(290,'328','Casa Venta',3,'',11,1,'2023-02-25 21:38:06.867079');
INSERT INTO "django_admin_log" VALUES(291,'327','Casa Venta',3,'',11,1,'2023-02-25 21:38:06.877080');
INSERT INTO "django_admin_log" VALUES(292,'326','Casa Venta',3,'',11,1,'2023-02-25 21:38:06.897083');
INSERT INTO "django_admin_log" VALUES(293,'325','Casa Venta',3,'',11,1,'2023-02-25 21:38:06.907086');
INSERT INTO "django_admin_log" VALUES(294,'324','Casa Venta',3,'',11,1,'2023-02-25 21:38:06.917084');
INSERT INTO "django_admin_log" VALUES(295,'323','Casa Venta',3,'',11,1,'2023-02-25 21:38:06.934646');
INSERT INTO "django_admin_log" VALUES(296,'322','Casa Venta',3,'',11,1,'2023-02-25 21:38:06.944650');
INSERT INTO "django_admin_log" VALUES(297,'321','Casa Venta',3,'',11,1,'2023-02-25 21:38:06.954652');
INSERT INTO "django_admin_log" VALUES(298,'320','Casa Venta',3,'',11,1,'2023-02-25 21:38:06.974654');
INSERT INTO "django_admin_log" VALUES(299,'319','Casa Venta',3,'',11,1,'2023-02-25 21:38:06.984644');
INSERT INTO "django_admin_log" VALUES(300,'318','Casa Venta',3,'',11,1,'2023-02-25 21:38:06.994645');
INSERT INTO "django_admin_log" VALUES(301,'317','Casa Venta',3,'',11,1,'2023-02-25 21:38:07.014652');
INSERT INTO "django_admin_log" VALUES(302,'316','Casa Venta',3,'',11,1,'2023-02-25 21:38:07.024653');
INSERT INTO "django_admin_log" VALUES(303,'315','Casa Venta',3,'',11,1,'2023-02-25 21:38:07.034642');
INSERT INTO "django_admin_log" VALUES(304,'314','Casa Venta',3,'',11,1,'2023-02-25 21:38:07.054643');
INSERT INTO "django_admin_log" VALUES(305,'313','Casa Venta',3,'',11,1,'2023-02-25 21:38:07.064642');
INSERT INTO "django_admin_log" VALUES(306,'312','Casa Venta',3,'',11,1,'2023-02-25 21:38:07.074650');
INSERT INTO "django_admin_log" VALUES(307,'311','Casa Venta',3,'',11,1,'2023-02-25 21:38:07.094645');
INSERT INTO "django_admin_log" VALUES(308,'310','Casa Venta',3,'',11,1,'2023-02-25 21:38:07.104642');
INSERT INTO "django_admin_log" VALUES(309,'309','Casa Venta',3,'',11,1,'2023-02-25 21:38:07.114650');
INSERT INTO "django_admin_log" VALUES(310,'308','Casa Venta',3,'',11,1,'2023-02-25 21:38:07.134652');
INSERT INTO "django_admin_log" VALUES(311,'307','Casa Venta',3,'',11,1,'2023-02-25 21:38:07.144643');
INSERT INTO "django_admin_log" VALUES(312,'306','Casa Venta',3,'',11,1,'2023-02-25 21:38:07.154644');
INSERT INTO "django_admin_log" VALUES(313,'305','Casa Venta',3,'',11,1,'2023-02-25 21:38:07.173416');
INSERT INTO "django_admin_log" VALUES(314,'304','Casa Venta',3,'',11,1,'2023-02-25 21:38:07.186419');
INSERT INTO "django_admin_log" VALUES(315,'303','Casa Venta',3,'',11,1,'2023-02-25 21:38:07.196997');
INSERT INTO "django_admin_log" VALUES(316,'302','Casa Venta',3,'',11,1,'2023-02-25 21:38:07.207000');
INSERT INTO "django_admin_log" VALUES(317,'301','Casa Venta',3,'',11,1,'2023-02-25 21:38:07.224546');
INSERT INTO "django_admin_log" VALUES(318,'300','Casa Venta',3,'',11,1,'2023-02-25 21:38:07.234579');
INSERT INTO "django_admin_log" VALUES(319,'299','Casa Venta',3,'',11,1,'2023-02-25 21:38:07.244579');
INSERT INTO "django_admin_log" VALUES(320,'298','Casa Venta',3,'',11,1,'2023-02-25 21:38:07.264593');
INSERT INTO "django_admin_log" VALUES(321,'297','Casa Venta',3,'',11,1,'2023-02-25 21:38:07.274578');
INSERT INTO "django_admin_log" VALUES(322,'296','Casa Venta',3,'',11,1,'2023-02-25 21:38:07.284577');
INSERT INTO "django_admin_log" VALUES(323,'295','Casa Venta',3,'',11,1,'2023-02-25 21:38:07.294581');
INSERT INTO "django_admin_log" VALUES(324,'294','Casa Venta',3,'',11,1,'2023-02-25 21:38:07.304583');
INSERT INTO "django_admin_log" VALUES(325,'293','Casa Venta',3,'',11,1,'2023-02-25 21:38:07.324578');
INSERT INTO "django_admin_log" VALUES(326,'292','Casa Venta',3,'',11,1,'2023-02-25 21:38:07.334581');
INSERT INTO "django_admin_log" VALUES(327,'291','Casa Venta',3,'',11,1,'2023-02-25 21:38:07.344584');
INSERT INTO "django_admin_log" VALUES(328,'290','Casa Venta',3,'',11,1,'2023-02-25 21:38:07.354587');
INSERT INTO "django_admin_log" VALUES(329,'289','Casa Venta',3,'',11,1,'2023-02-25 21:38:07.364578');
INSERT INTO "django_admin_log" VALUES(330,'288','Casa Venta',3,'',11,1,'2023-02-25 21:38:07.384597');
INSERT INTO "django_admin_log" VALUES(331,'287','Casa Venta',3,'',11,1,'2023-02-25 21:38:07.394583');
INSERT INTO "django_admin_log" VALUES(332,'286','Casa Venta',3,'',11,1,'2023-02-25 21:38:07.404581');
INSERT INTO "django_admin_log" VALUES(333,'285','Casa Venta',3,'',11,1,'2023-02-25 21:38:07.424594');
INSERT INTO "django_admin_log" VALUES(334,'284','Casa Venta',3,'',11,1,'2023-02-25 21:38:07.434580');
INSERT INTO "django_admin_log" VALUES(335,'283','Casa Venta',3,'',11,1,'2023-02-25 21:38:07.444584');
INSERT INTO "django_admin_log" VALUES(336,'282','Casa Venta',3,'',11,1,'2023-02-25 21:38:07.454582');
INSERT INTO "django_admin_log" VALUES(337,'281','Casa Venta',3,'',11,1,'2023-02-25 21:38:07.474586');
INSERT INTO "django_admin_log" VALUES(338,'280','Casa Venta',3,'',11,1,'2023-02-25 21:38:07.484586');
INSERT INTO "django_admin_log" VALUES(339,'279','Casa Venta',3,'',11,1,'2023-02-25 21:38:07.494578');
INSERT INTO "django_admin_log" VALUES(340,'278','Casa Venta',3,'',11,1,'2023-02-25 21:38:07.504578');
INSERT INTO "django_admin_log" VALUES(341,'277','Casa Venta',3,'',11,1,'2023-02-25 21:38:07.514582');
INSERT INTO "django_admin_log" VALUES(342,'276','Casa Venta',3,'',11,1,'2023-02-25 21:38:07.534598');
INSERT INTO "django_admin_log" VALUES(343,'275','Casa Venta',3,'',11,1,'2023-02-25 21:38:07.544594');
INSERT INTO "django_admin_log" VALUES(344,'274','Casa Venta',3,'',11,1,'2023-02-25 21:38:07.554582');
INSERT INTO "django_admin_log" VALUES(345,'273','Casa Venta',3,'',11,1,'2023-02-25 21:38:07.564579');
INSERT INTO "django_admin_log" VALUES(346,'272','Casa Venta',3,'',11,1,'2023-02-25 21:38:07.584587');
INSERT INTO "django_admin_log" VALUES(347,'271','Casa Venta',3,'',11,1,'2023-02-25 21:38:07.594579');
INSERT INTO "django_admin_log" VALUES(348,'270','Casa Venta',3,'',11,1,'2023-02-25 21:38:07.604586');
INSERT INTO "django_admin_log" VALUES(349,'269','Casa Venta',3,'',11,1,'2023-02-25 21:38:19.569960');
INSERT INTO "django_admin_log" VALUES(350,'268','Casa Venta',3,'',11,1,'2023-02-25 21:38:19.591742');
INSERT INTO "django_admin_log" VALUES(351,'267','Casa Venta',3,'',11,1,'2023-02-25 21:38:19.601736');
INSERT INTO "django_admin_log" VALUES(352,'266','Casa Venta',3,'',11,1,'2023-02-25 21:38:19.621741');
INSERT INTO "django_admin_log" VALUES(353,'265','Casa Venta',3,'',11,1,'2023-02-25 21:38:19.630275');
INSERT INTO "django_admin_log" VALUES(354,'264','Casa Venta',3,'',11,1,'2023-02-25 21:38:19.650318');
INSERT INTO "django_admin_log" VALUES(355,'263','Casa Venta',3,'',11,1,'2023-02-25 21:38:19.660310');
INSERT INTO "django_admin_log" VALUES(356,'262','Casa Venta',3,'',11,1,'2023-02-25 21:38:19.670319');
INSERT INTO "django_admin_log" VALUES(357,'261','Casa Venta',3,'',11,1,'2023-02-25 21:38:19.690313');
INSERT INTO "django_admin_log" VALUES(358,'260','Casa Venta',3,'',11,1,'2023-02-25 21:38:19.700306');
INSERT INTO "django_admin_log" VALUES(359,'259','Casa Venta',3,'',11,1,'2023-02-25 21:38:19.710303');
INSERT INTO "django_admin_log" VALUES(360,'258','Casa Venta',3,'',11,1,'2023-02-25 21:38:19.730307');
INSERT INTO "django_admin_log" VALUES(361,'257','Casa Venta',3,'',11,1,'2023-02-25 21:38:19.740313');
INSERT INTO "django_admin_log" VALUES(362,'256','Casa Venta',3,'',11,1,'2023-02-25 21:38:19.750305');
INSERT INTO "django_admin_log" VALUES(363,'255','Casa Venta',3,'',11,1,'2023-02-25 21:38:19.760308');
INSERT INTO "django_admin_log" VALUES(364,'254','Casa Venta',3,'',11,1,'2023-02-25 21:38:19.780308');
INSERT INTO "django_admin_log" VALUES(365,'253','Casa Venta',3,'',11,1,'2023-02-25 21:38:19.790309');
INSERT INTO "django_admin_log" VALUES(366,'252','Casa Venta',3,'',11,1,'2023-02-25 21:38:19.800311');
INSERT INTO "django_admin_log" VALUES(367,'251','Casa Venta',3,'',11,1,'2023-02-25 21:38:19.820307');
INSERT INTO "django_admin_log" VALUES(368,'250','Casa Venta',3,'',11,1,'2023-02-25 21:38:19.830305');
INSERT INTO "django_admin_log" VALUES(369,'249','Casa Venta',3,'',11,1,'2023-02-25 21:38:19.840309');
INSERT INTO "django_admin_log" VALUES(370,'248','Casa Venta',3,'',11,1,'2023-02-25 21:38:19.850304');
INSERT INTO "django_admin_log" VALUES(371,'247','Casa Venta',3,'',11,1,'2023-02-25 21:38:19.870306');
INSERT INTO "django_admin_log" VALUES(372,'246','Casa Venta',3,'',11,1,'2023-02-25 21:38:19.880305');
INSERT INTO "django_admin_log" VALUES(373,'245','Casa Venta',3,'',11,1,'2023-02-25 21:38:19.890309');
INSERT INTO "django_admin_log" VALUES(374,'244','Casa Venta',3,'',11,1,'2023-02-25 21:38:19.910307');
INSERT INTO "django_admin_log" VALUES(375,'243','Casa Venta',3,'',11,1,'2023-02-25 21:38:19.920307');
INSERT INTO "django_admin_log" VALUES(376,'242','Casa Venta',3,'',11,1,'2023-02-25 21:38:19.930304');
INSERT INTO "django_admin_log" VALUES(377,'241','Casa Venta',3,'',11,1,'2023-02-25 21:38:19.940308');
INSERT INTO "django_admin_log" VALUES(378,'240','Casa Venta',3,'',11,1,'2023-02-25 21:38:19.960307');
INSERT INTO "django_admin_log" VALUES(379,'239','Casa Venta',3,'',11,1,'2023-02-25 21:38:19.970316');
INSERT INTO "django_admin_log" VALUES(380,'238','Casa Venta',3,'',11,1,'2023-02-25 21:38:19.980305');
INSERT INTO "django_admin_log" VALUES(381,'237','Casa Venta',3,'',11,1,'2023-02-25 21:38:20.000317');
INSERT INTO "django_admin_log" VALUES(382,'236','Casa Venta',3,'',11,1,'2023-02-25 21:38:20.010308');
INSERT INTO "django_admin_log" VALUES(383,'235','Casa Venta',3,'',11,1,'2023-02-25 21:38:20.030310');
INSERT INTO "django_admin_log" VALUES(384,'234','Casa Venta',3,'',11,1,'2023-02-25 21:38:20.040306');
INSERT INTO "django_admin_log" VALUES(385,'233','Casa Venta',3,'',11,1,'2023-02-25 21:38:20.050310');
INSERT INTO "django_admin_log" VALUES(386,'232','Casa Venta',3,'',11,1,'2023-02-25 21:38:20.060306');
INSERT INTO "django_admin_log" VALUES(387,'231','Casa Venta',3,'',11,1,'2023-02-25 21:38:20.080309');
INSERT INTO "django_admin_log" VALUES(388,'230','Casa Venta',3,'',11,1,'2023-02-25 21:38:20.090307');
INSERT INTO "django_admin_log" VALUES(389,'229','Casa Venta',3,'',11,1,'2023-02-25 21:38:20.100309');
INSERT INTO "django_admin_log" VALUES(390,'228','Casa Venta',3,'',11,1,'2023-02-25 21:38:20.110309');
INSERT INTO "django_admin_log" VALUES(391,'227','Casa Venta',3,'',11,1,'2023-02-25 21:38:20.130305');
INSERT INTO "django_admin_log" VALUES(392,'226','Casa Venta',3,'',11,1,'2023-02-25 21:38:20.140308');
INSERT INTO "django_admin_log" VALUES(393,'225','Casa Venta',3,'',11,1,'2023-02-25 21:38:20.150310');
INSERT INTO "django_admin_log" VALUES(394,'224','Casa Venta',3,'',11,1,'2023-02-25 21:38:20.168392');
INSERT INTO "django_admin_log" VALUES(395,'223','Casa Venta',3,'',11,1,'2023-02-25 21:38:20.183394');
INSERT INTO "django_admin_log" VALUES(396,'222','Casa Venta',3,'',11,1,'2023-02-25 21:38:20.197397');
INSERT INTO "django_admin_log" VALUES(397,'221','Casa Venta',3,'',11,1,'2023-02-25 21:38:20.206118');
INSERT INTO "django_admin_log" VALUES(398,'220','Casa Venta',3,'',11,1,'2023-02-25 21:38:20.222719');
INSERT INTO "django_admin_log" VALUES(399,'219','Casa Venta',3,'',11,1,'2023-02-25 21:38:20.235718');
INSERT INTO "django_admin_log" VALUES(400,'218','Casa Venta',3,'',11,1,'2023-02-25 21:38:20.249718');
INSERT INTO "django_admin_log" VALUES(401,'217','Casa Venta',3,'',11,1,'2023-02-25 21:38:20.261716');
INSERT INTO "django_admin_log" VALUES(402,'216','Casa Venta',3,'',11,1,'2023-02-25 21:38:20.275718');
INSERT INTO "django_admin_log" VALUES(403,'215','Casa Venta',3,'',11,1,'2023-02-25 21:38:20.290723');
INSERT INTO "django_admin_log" VALUES(404,'214','Casa Venta',3,'',11,1,'2023-02-25 21:38:20.306727');
INSERT INTO "django_admin_log" VALUES(405,'213','Casa Venta',3,'',11,1,'2023-02-25 21:38:20.319721');
INSERT INTO "django_admin_log" VALUES(406,'212','Casa Venta',3,'',11,1,'2023-02-25 21:38:20.333721');
INSERT INTO "django_admin_log" VALUES(407,'211','Casa Venta',3,'',11,1,'2023-02-25 21:38:20.347717');
INSERT INTO "django_admin_log" VALUES(408,'210','Casa Venta',3,'',11,1,'2023-02-25 21:38:20.362724');
INSERT INTO "django_admin_log" VALUES(409,'209','Casa Venta',3,'',11,1,'2023-02-25 21:38:20.376725');
INSERT INTO "django_admin_log" VALUES(410,'208','Casa Venta',3,'',11,1,'2023-02-25 21:38:20.388715');
INSERT INTO "django_admin_log" VALUES(411,'207','Casa Venta',3,'',11,1,'2023-02-25 21:38:20.402719');
INSERT INTO "django_admin_log" VALUES(412,'206','Casa Venta',3,'',11,1,'2023-02-25 21:38:20.415717');
INSERT INTO "django_admin_log" VALUES(413,'205','Casa Venta',3,'',11,1,'2023-02-25 21:38:20.428717');
INSERT INTO "django_admin_log" VALUES(414,'204','Casa Venta',3,'',11,1,'2023-02-25 21:38:20.442717');
INSERT INTO "django_admin_log" VALUES(415,'203','Casa Venta',3,'',11,1,'2023-02-25 21:38:20.454718');
INSERT INTO "django_admin_log" VALUES(416,'202','Casa Venta',3,'',11,1,'2023-02-25 21:38:20.467718');
INSERT INTO "django_admin_log" VALUES(417,'201','Casa Venta',3,'',11,1,'2023-02-25 21:38:20.472116');
INSERT INTO "django_admin_log" VALUES(418,'200','Casa Venta',3,'',11,1,'2023-02-25 21:38:20.492117');
INSERT INTO "django_admin_log" VALUES(419,'199','Casa Venta',3,'',11,1,'2023-02-25 21:38:20.502124');
INSERT INTO "django_admin_log" VALUES(420,'198','Casa Venta',3,'',11,1,'2023-02-25 21:38:20.512114');
INSERT INTO "django_admin_log" VALUES(421,'197','Casa Venta',3,'',11,1,'2023-02-25 21:38:20.522114');
INSERT INTO "django_admin_log" VALUES(422,'196','Casa Venta',3,'',11,1,'2023-02-25 21:38:20.540676');
INSERT INTO "django_admin_log" VALUES(423,'195','Casa Venta',3,'',11,1,'2023-02-25 21:38:20.550675');
INSERT INTO "django_admin_log" VALUES(424,'194','Casa Venta',3,'',11,1,'2023-02-25 21:38:20.560674');
INSERT INTO "django_admin_log" VALUES(425,'193','Casa Venta',3,'',11,1,'2023-02-25 21:38:20.570679');
INSERT INTO "django_admin_log" VALUES(426,'192','Casa Venta',3,'',11,1,'2023-02-25 21:38:20.590677');
INSERT INTO "django_admin_log" VALUES(427,'191','Casa Venta',3,'',11,1,'2023-02-25 21:38:20.600675');
INSERT INTO "django_admin_log" VALUES(428,'190','Casa Venta',3,'',11,1,'2023-02-25 21:38:20.610679');
INSERT INTO "django_admin_log" VALUES(429,'189','Casa Venta',3,'',11,1,'2023-02-25 21:38:20.620677');
INSERT INTO "django_admin_log" VALUES(430,'188','Casa Venta',3,'',11,1,'2023-02-25 21:38:20.640678');
INSERT INTO "django_admin_log" VALUES(431,'187','Casa Venta',3,'',11,1,'2023-02-25 21:38:20.650677');
INSERT INTO "django_admin_log" VALUES(432,'186','Casa Venta',3,'',11,1,'2023-02-25 21:38:20.660682');
INSERT INTO "django_admin_log" VALUES(433,'185','Casa Venta',3,'',11,1,'2023-02-25 21:38:20.670675');
INSERT INTO "django_admin_log" VALUES(434,'184','Casa Venta',3,'',11,1,'2023-02-25 21:38:20.680672');
INSERT INTO "django_admin_log" VALUES(435,'183','Casa Venta',3,'',11,1,'2023-02-25 21:38:20.700675');
INSERT INTO "django_admin_log" VALUES(436,'182','Casa Venta',3,'',11,1,'2023-02-25 21:38:20.710675');
INSERT INTO "django_admin_log" VALUES(437,'181','Casa Venta',3,'',11,1,'2023-02-25 21:38:20.720679');
INSERT INTO "django_admin_log" VALUES(438,'180','Casa Venta',3,'',11,1,'2023-02-25 21:38:20.740680');
INSERT INTO "django_admin_log" VALUES(439,'179','Casa Venta',3,'',11,1,'2023-02-25 21:38:20.750683');
INSERT INTO "django_admin_log" VALUES(440,'178','Casa Venta',3,'',11,1,'2023-02-25 21:38:20.760680');
INSERT INTO "django_admin_log" VALUES(441,'177','Casa Venta',3,'',11,1,'2023-02-25 21:38:20.770676');
INSERT INTO "django_admin_log" VALUES(442,'176','Casa Venta',3,'',11,1,'2023-02-25 21:38:20.794130');
INSERT INTO "django_admin_log" VALUES(443,'175','Casa Venta',3,'',11,1,'2023-02-25 21:38:20.808134');
INSERT INTO "django_admin_log" VALUES(444,'174','Casa Venta',3,'',11,1,'2023-02-25 21:38:20.825128');
INSERT INTO "django_admin_log" VALUES(445,'173','Casa Venta',3,'',11,1,'2023-02-25 21:38:20.839135');
INSERT INTO "django_admin_log" VALUES(446,'172','Casa Venta',3,'',11,1,'2023-02-25 21:38:20.852126');
INSERT INTO "django_admin_log" VALUES(447,'171','Casa Venta',3,'',11,1,'2023-02-25 21:38:20.866130');
INSERT INTO "django_admin_log" VALUES(448,'170','Casa Venta',3,'',11,1,'2023-02-25 21:38:20.880130');
INSERT INTO "django_admin_log" VALUES(449,'169','Casa Venta',3,'',11,1,'2023-02-25 21:38:20.893127');
INSERT INTO "django_admin_log" VALUES(450,'168','Casa Venta',3,'',11,1,'2023-02-25 21:38:20.906132');
INSERT INTO "django_admin_log" VALUES(451,'167','Casa Venta',3,'',11,1,'2023-02-25 21:38:20.918130');
INSERT INTO "django_admin_log" VALUES(452,'166','Casa Venta',3,'',11,1,'2023-02-25 21:38:20.932126');
INSERT INTO "django_admin_log" VALUES(453,'165','Casa Venta',3,'',11,1,'2023-02-25 21:38:20.946135');
INSERT INTO "django_admin_log" VALUES(454,'164','Casa Venta',3,'',11,1,'2023-02-25 21:38:20.960132');
INSERT INTO "django_admin_log" VALUES(455,'163','Casa Venta',3,'',11,1,'2023-02-25 21:38:20.973132');
INSERT INTO "django_admin_log" VALUES(456,'162','Casa Venta',3,'',11,1,'2023-02-25 21:38:20.985130');
INSERT INTO "django_admin_log" VALUES(457,'161','Casa Venta',3,'',11,1,'2023-02-25 21:38:20.999133');
INSERT INTO "django_admin_log" VALUES(458,'160','Casa Venta',3,'',11,1,'2023-02-25 21:38:21.012127');
INSERT INTO "django_admin_log" VALUES(459,'159','Casa Venta',3,'',11,1,'2023-02-25 21:38:21.025128');
INSERT INTO "django_admin_log" VALUES(460,'158','Casa Venta',3,'',11,1,'2023-02-25 21:38:21.039134');
INSERT INTO "django_admin_log" VALUES(461,'157','Casa Venta',3,'',11,1,'2023-02-25 21:38:21.051127');
INSERT INTO "django_admin_log" VALUES(462,'156','Casa Venta',3,'',11,1,'2023-02-25 21:38:21.064134');
INSERT INTO "django_admin_log" VALUES(463,'155','Casa Venta',3,'',11,1,'2023-02-25 21:38:21.077130');
INSERT INTO "django_admin_log" VALUES(464,'154','Casa Venta',3,'',11,1,'2023-02-25 21:38:21.089129');
INSERT INTO "django_admin_log" VALUES(465,'153','Casa Venta',3,'',11,1,'2023-02-25 21:38:21.102133');
INSERT INTO "django_admin_log" VALUES(466,'152','Casa Venta',3,'',11,1,'2023-02-25 21:38:21.114130');
INSERT INTO "django_admin_log" VALUES(467,'151','Casa Venta',3,'',11,1,'2023-02-25 21:38:21.127125');
INSERT INTO "django_admin_log" VALUES(468,'150','Casa Venta',3,'',11,1,'2023-02-25 21:38:21.140128');
INSERT INTO "django_admin_log" VALUES(469,'149','Casa Venta',3,'',11,1,'2023-02-25 21:38:21.152127');
INSERT INTO "django_admin_log" VALUES(470,'148','Casa Venta',3,'',11,1,'2023-02-25 21:38:21.164132');
INSERT INTO "django_admin_log" VALUES(471,'147','Casa Venta',3,'',11,1,'2023-02-25 21:38:21.177129');
INSERT INTO "django_admin_log" VALUES(472,'146','Casa Venta',3,'',11,1,'2023-02-25 21:38:21.190127');
INSERT INTO "django_admin_log" VALUES(473,'145','Casa Venta',3,'',11,1,'2023-02-25 21:38:21.202127');
INSERT INTO "django_admin_log" VALUES(474,'144','Casa Venta',3,'',11,1,'2023-02-25 21:38:21.216132');
INSERT INTO "django_admin_log" VALUES(475,'143','Casa Venta',3,'',11,1,'2023-02-25 21:38:21.230131');
INSERT INTO "django_admin_log" VALUES(476,'142','Casa Venta',3,'',11,1,'2023-02-25 21:38:21.245133');
INSERT INTO "django_admin_log" VALUES(477,'141','Casa Venta',3,'',11,1,'2023-02-25 21:38:21.259137');
INSERT INTO "django_admin_log" VALUES(478,'140','Casa Venta',3,'',11,1,'2023-02-25 21:38:21.272135');
INSERT INTO "django_admin_log" VALUES(479,'139','Casa Venta',3,'',11,1,'2023-02-25 21:38:21.285131');
INSERT INTO "django_admin_log" VALUES(480,'138','Casa Venta',3,'',11,1,'2023-02-25 21:38:21.298131');
INSERT INTO "django_admin_log" VALUES(481,'137','Casa Venta',3,'',11,1,'2023-02-25 21:38:21.311127');
INSERT INTO "django_admin_log" VALUES(482,'136','Casa Venta',3,'',11,1,'2023-02-25 21:38:21.325127');
INSERT INTO "django_admin_log" VALUES(483,'135','Casa Venta',3,'',11,1,'2023-02-25 21:38:21.339129');
INSERT INTO "django_admin_log" VALUES(484,'134','Casa Venta',3,'',11,1,'2023-02-25 21:38:21.352131');
INSERT INTO "django_admin_log" VALUES(485,'133','Casa Venta',3,'',11,1,'2023-02-25 21:38:21.365125');
INSERT INTO "django_admin_log" VALUES(486,'132','Casa Venta',3,'',11,1,'2023-02-25 21:38:21.379128');
INSERT INTO "django_admin_log" VALUES(487,'131','Casa Venta',3,'',11,1,'2023-02-25 21:38:21.392128');
INSERT INTO "django_admin_log" VALUES(488,'130','Casa Venta',3,'',11,1,'2023-02-25 21:38:21.404130');
INSERT INTO "django_admin_log" VALUES(489,'129','Casa Venta',3,'',11,1,'2023-02-25 21:38:21.416125');
INSERT INTO "django_admin_log" VALUES(490,'128','Casa Venta',3,'',11,1,'2023-02-25 21:38:21.430127');
INSERT INTO "django_admin_log" VALUES(491,'127','Casa Venta',3,'',11,1,'2023-02-25 21:38:21.443127');
INSERT INTO "django_admin_log" VALUES(492,'126','Casa Venta',3,'',11,1,'2023-02-25 21:38:21.457129');
INSERT INTO "django_admin_log" VALUES(493,'125','Casa Venta',3,'',11,1,'2023-02-25 21:38:21.470138');
INSERT INTO "django_admin_log" VALUES(494,'124','Casa Venta',3,'',11,1,'2023-02-25 21:38:21.483129');
INSERT INTO "django_admin_log" VALUES(495,'123','Casa Venta',3,'',11,1,'2023-02-25 21:38:21.497133');
INSERT INTO "django_admin_log" VALUES(496,'122','Casa Venta',3,'',11,1,'2023-02-25 21:38:21.509125');
INSERT INTO "django_admin_log" VALUES(497,'121','Casa Venta',3,'',11,1,'2023-02-25 21:38:21.522131');
INSERT INTO "django_admin_log" VALUES(498,'120','Casa Venta',3,'',11,1,'2023-02-25 21:38:21.534135');
INSERT INTO "django_admin_log" VALUES(499,'119','Casa Venta',3,'',11,1,'2023-02-25 21:38:21.548135');
INSERT INTO "django_admin_log" VALUES(500,'118','Casa Venta',3,'',11,1,'2023-02-25 21:38:21.560128');
INSERT INTO "django_admin_log" VALUES(501,'117','Casa Venta',3,'',11,1,'2023-02-25 21:38:21.572128');
INSERT INTO "django_admin_log" VALUES(502,'116','Casa Venta',3,'',11,1,'2023-02-25 21:38:21.585129');
INSERT INTO "django_admin_log" VALUES(503,'115','Casa Venta',3,'',11,1,'2023-02-25 21:38:21.597125');
INSERT INTO "django_admin_log" VALUES(504,'114','Casa Venta',3,'',11,1,'2023-02-25 21:38:21.610129');
INSERT INTO "django_admin_log" VALUES(505,'113','Casa Venta',3,'',11,1,'2023-02-25 21:38:21.622125');
INSERT INTO "django_admin_log" VALUES(506,'112','Casa Venta',3,'',11,1,'2023-02-25 21:38:21.635129');
INSERT INTO "django_admin_log" VALUES(507,'111','Casa Venta',3,'',11,1,'2023-02-25 21:38:21.648133');
INSERT INTO "django_admin_log" VALUES(508,'110','Casa Venta',3,'',11,1,'2023-02-25 21:38:21.654299');
INSERT INTO "django_admin_log" VALUES(509,'109','Casa Venta',3,'',11,1,'2023-02-25 21:38:21.664302');
INSERT INTO "django_admin_log" VALUES(510,'108','Casa Venta',3,'',11,1,'2023-02-25 21:38:21.684305');
INSERT INTO "django_admin_log" VALUES(511,'107','Casa Venta',3,'',11,1,'2023-02-25 21:38:21.694302');
INSERT INTO "django_admin_log" VALUES(512,'106','Casa Venta',3,'',11,1,'2023-02-25 21:38:21.704303');
INSERT INTO "django_admin_log" VALUES(513,'105','Casa Venta',3,'',11,1,'2023-02-25 21:38:21.714300');
INSERT INTO "django_admin_log" VALUES(514,'104','Casa Venta',3,'',11,1,'2023-02-25 21:38:21.731326');
INSERT INTO "django_admin_log" VALUES(515,'103','Casa Venta',3,'',11,1,'2023-02-25 21:38:21.741356');
INSERT INTO "django_admin_log" VALUES(516,'102','Casa Venta',3,'',11,1,'2023-02-25 21:38:21.751358');
INSERT INTO "django_admin_log" VALUES(517,'101','Casa Venta',3,'',11,1,'2023-02-25 21:38:21.771366');
INSERT INTO "django_admin_log" VALUES(518,'100','Casa Venta',3,'',11,1,'2023-02-25 21:38:21.781355');
INSERT INTO "django_admin_log" VALUES(519,'99','Casa Venta',3,'',11,1,'2023-02-25 21:38:21.801362');
INSERT INTO "django_admin_log" VALUES(520,'98','Casa Venta',3,'',11,1,'2023-02-25 21:38:21.811357');
INSERT INTO "django_admin_log" VALUES(521,'97','Casa Venta',3,'',11,1,'2023-02-25 21:38:21.821354');
INSERT INTO "django_admin_log" VALUES(522,'96','Casa Venta',3,'',11,1,'2023-02-25 21:38:21.831353');
INSERT INTO "django_admin_log" VALUES(523,'95','Casa Venta',3,'',11,1,'2023-02-25 21:38:21.851364');
INSERT INTO "django_admin_log" VALUES(524,'94','Casa Venta',3,'',11,1,'2023-02-25 21:38:21.861361');
INSERT INTO "django_admin_log" VALUES(525,'93','Casa Venta',3,'',11,1,'2023-02-25 21:38:21.871354');
INSERT INTO "django_admin_log" VALUES(526,'92','Casa Venta',3,'',11,1,'2023-02-25 21:38:21.881358');
INSERT INTO "django_admin_log" VALUES(527,'91','Casa Venta',3,'',11,1,'2023-02-25 21:38:21.896582');
INSERT INTO "django_admin_log" VALUES(528,'90','Casa Venta',3,'',11,1,'2023-02-25 21:38:21.906586');
INSERT INTO "django_admin_log" VALUES(529,'89','Casa Venta',3,'',11,1,'2023-02-25 21:38:21.926585');
INSERT INTO "django_admin_log" VALUES(530,'88','Casa Venta',3,'',11,1,'2023-02-25 21:38:21.936583');
INSERT INTO "django_admin_log" VALUES(531,'87','Casa Venta',3,'',11,1,'2023-02-25 21:38:21.946583');
INSERT INTO "django_admin_log" VALUES(532,'86','Casa Venta',3,'',11,1,'2023-02-25 21:38:21.966586');
INSERT INTO "django_admin_log" VALUES(533,'85','Casa Venta',3,'',11,1,'2023-02-25 21:38:21.976586');
INSERT INTO "django_admin_log" VALUES(534,'84','Casa Venta',3,'',11,1,'2023-02-25 21:38:21.986589');
INSERT INTO "django_admin_log" VALUES(535,'83','Casa Venta',3,'',11,1,'2023-02-25 21:38:21.996586');
INSERT INTO "django_admin_log" VALUES(536,'82','Casa Venta',3,'',11,1,'2023-02-25 21:38:22.016596');
INSERT INTO "django_admin_log" VALUES(537,'81','Casa Venta',3,'',11,1,'2023-02-25 21:38:22.026583');
INSERT INTO "django_admin_log" VALUES(538,'80','Casa Venta',3,'',11,1,'2023-02-25 21:38:22.036582');
INSERT INTO "django_admin_log" VALUES(539,'79','Casa Venta',3,'',11,1,'2023-02-25 21:38:22.056586');
INSERT INTO "django_admin_log" VALUES(540,'78','Casa Venta',3,'',11,1,'2023-02-25 21:38:22.066595');
INSERT INTO "django_admin_log" VALUES(541,'77','Casa Venta',3,'',11,1,'2023-02-25 21:38:22.076589');
INSERT INTO "django_admin_log" VALUES(542,'76','Casa Venta',3,'',11,1,'2023-02-25 21:38:22.086582');
INSERT INTO "django_admin_log" VALUES(543,'75','Casa Venta',3,'',11,1,'2023-02-25 21:38:22.106585');
INSERT INTO "django_admin_log" VALUES(544,'74','Casa Venta',3,'',11,1,'2023-02-25 21:38:22.116583');
INSERT INTO "django_admin_log" VALUES(545,'73','Casa Venta',3,'',11,1,'2023-02-25 21:38:22.126587');
INSERT INTO "django_admin_log" VALUES(546,'72','Casa Venta',3,'',11,1,'2023-02-25 21:38:22.146594');
INSERT INTO "django_admin_log" VALUES(547,'71','Casa Venta',3,'',11,1,'2023-02-25 21:38:22.156584');
INSERT INTO "django_admin_log" VALUES(548,'70','Casa Venta',3,'',11,1,'2023-02-25 21:38:22.176596');
INSERT INTO "django_admin_log" VALUES(549,'69','Casa Venta',3,'',11,1,'2023-02-25 21:38:22.186589');
INSERT INTO "django_admin_log" VALUES(550,'68','Casa Venta',3,'',11,1,'2023-02-25 21:38:22.196585');
INSERT INTO "django_admin_log" VALUES(551,'67','Casa Venta',3,'',11,1,'2023-02-25 21:38:22.216586');
INSERT INTO "django_admin_log" VALUES(552,'66','Casa Venta',3,'',11,1,'2023-02-25 21:38:22.226592');
INSERT INTO "django_admin_log" VALUES(553,'65','Casa Venta',3,'',11,1,'2023-02-25 21:38:22.236590');
INSERT INTO "django_admin_log" VALUES(554,'64','Casa Venta',3,'',11,1,'2023-02-25 21:38:22.256584');
INSERT INTO "django_admin_log" VALUES(555,'63','Casa Venta',3,'',11,1,'2023-02-25 21:38:22.266585');
INSERT INTO "django_admin_log" VALUES(556,'62','Casa Venta',3,'',11,1,'2023-02-25 21:38:22.276584');
INSERT INTO "django_admin_log" VALUES(557,'61','Casa Venta',3,'',11,1,'2023-02-25 21:38:22.296586');
INSERT INTO "django_admin_log" VALUES(558,'60','Casa Venta',3,'',11,1,'2023-02-25 21:38:22.306585');
INSERT INTO "django_admin_log" VALUES(559,'59','Casa Venta',3,'',11,1,'2023-02-25 21:38:22.316582');
INSERT INTO "django_admin_log" VALUES(560,'58','Casa Venta',3,'',11,1,'2023-02-25 21:38:22.336589');
INSERT INTO "django_admin_log" VALUES(561,'57','Casa Venta',3,'',11,1,'2023-02-25 21:38:22.346596');
INSERT INTO "django_admin_log" VALUES(562,'56','Casa Venta',3,'',11,1,'2023-02-25 21:38:22.356588');
INSERT INTO "django_admin_log" VALUES(563,'55','Casa Venta',3,'',11,1,'2023-02-25 21:38:22.376592');
INSERT INTO "django_admin_log" VALUES(564,'54','Casa Venta',3,'',11,1,'2023-02-25 21:38:22.386587');
INSERT INTO "django_admin_log" VALUES(565,'53','Casa Venta',3,'',11,1,'2023-02-25 21:38:22.396588');
INSERT INTO "django_admin_log" VALUES(566,'52','Casa Venta',3,'',11,1,'2023-02-25 21:38:22.416586');
INSERT INTO "django_admin_log" VALUES(567,'51','Casa Venta',3,'',11,1,'2023-02-25 21:38:22.426583');
INSERT INTO "django_admin_log" VALUES(568,'50','Casa Venta',3,'',11,1,'2023-02-25 21:38:22.436583');
INSERT INTO "django_admin_log" VALUES(569,'49','Casa Venta',3,'',11,1,'2023-02-25 21:38:22.446586');
INSERT INTO "django_admin_log" VALUES(570,'48','Casa Venta',3,'',11,1,'2023-02-25 21:38:22.466598');
INSERT INTO "django_admin_log" VALUES(571,'47','Casa Venta',3,'',11,1,'2023-02-25 21:38:22.476586');
INSERT INTO "django_admin_log" VALUES(572,'46','Casa Venta',3,'',11,1,'2023-02-25 21:38:22.486582');
INSERT INTO "django_admin_log" VALUES(573,'45','Casa Venta',3,'',11,1,'2023-02-25 21:38:22.496591');
INSERT INTO "django_admin_log" VALUES(574,'44','Casa Venta',3,'',11,1,'2023-02-25 21:38:22.516585');
INSERT INTO "django_admin_log" VALUES(575,'43','Casa Venta',3,'',11,1,'2023-02-25 21:38:22.526586');
INSERT INTO "django_admin_log" VALUES(576,'42','Casa Venta',3,'',11,1,'2023-02-25 21:38:22.536584');
INSERT INTO "django_admin_log" VALUES(577,'41','Casa Venta',3,'',11,1,'2023-02-25 21:38:22.556590');
INSERT INTO "django_admin_log" VALUES(578,'40','Casa Venta',3,'',11,1,'2023-02-25 21:38:22.566586');
INSERT INTO "django_admin_log" VALUES(579,'39','Casa Venta',3,'',11,1,'2023-02-25 21:38:22.576587');
INSERT INTO "django_admin_log" VALUES(580,'38','Casa Venta',3,'',11,1,'2023-02-25 21:38:22.586582');
INSERT INTO "django_admin_log" VALUES(581,'37','Casa Venta',3,'',11,1,'2023-02-25 21:38:22.606583');
INSERT INTO "django_admin_log" VALUES(582,'36','Casa Venta',3,'',11,1,'2023-02-25 21:38:22.616585');
INSERT INTO "django_admin_log" VALUES(583,'35','Casa Venta',3,'',11,1,'2023-02-25 21:38:22.626584');
INSERT INTO "django_admin_log" VALUES(584,'34','Casa Venta',3,'',11,1,'2023-02-25 21:38:22.636586');
INSERT INTO "django_admin_log" VALUES(585,'33','Casa Venta',3,'',11,1,'2023-02-25 21:38:22.656597');
INSERT INTO "django_admin_log" VALUES(586,'32','Casa Venta',3,'',11,1,'2023-02-25 21:38:22.666584');
INSERT INTO "django_admin_log" VALUES(587,'31','Casa Venta',3,'',11,1,'2023-02-25 21:38:22.676586');
INSERT INTO "django_admin_log" VALUES(588,'30','Casa Venta',3,'',11,1,'2023-02-25 21:38:22.686582');
INSERT INTO "django_admin_log" VALUES(589,'29','Casa Venta',3,'',11,1,'2023-02-25 21:38:22.696582');
INSERT INTO "django_admin_log" VALUES(590,'28','Casa Venta',3,'',11,1,'2023-02-25 21:38:22.716583');
INSERT INTO "django_admin_log" VALUES(591,'27','Casa Venta',3,'',11,1,'2023-02-25 21:38:22.726589');
INSERT INTO "django_admin_log" VALUES(592,'26','Casa Venta',3,'',11,1,'2023-02-25 21:38:22.736583');
INSERT INTO "django_admin_log" VALUES(593,'25','Casa Venta',3,'',11,1,'2023-02-25 21:38:22.746593');
INSERT INTO "django_admin_log" VALUES(594,'24','Casa Venta',3,'',11,1,'2023-02-25 21:38:22.756591');
INSERT INTO "django_admin_log" VALUES(595,'23','Casa Venta',3,'',11,1,'2023-02-25 21:38:22.776593');
INSERT INTO "django_admin_log" VALUES(596,'22','Casa Venta',3,'',11,1,'2023-02-25 21:38:22.786594');
INSERT INTO "django_admin_log" VALUES(597,'21','Casa Venta',3,'',11,1,'2023-02-25 21:38:22.796587');
INSERT INTO "django_admin_log" VALUES(598,'20','Casa Venta',3,'',11,1,'2023-02-25 21:38:22.806585');
INSERT INTO "django_admin_log" VALUES(599,'19','Casa Venta',3,'',11,1,'2023-02-25 21:38:22.826586');
INSERT INTO "django_admin_log" VALUES(600,'18','Casa Venta',3,'',11,1,'2023-02-25 21:38:22.836588');
INSERT INTO "django_admin_log" VALUES(601,'17','Casa Venta',3,'',11,1,'2023-02-25 21:38:22.846586');
INSERT INTO "django_admin_log" VALUES(602,'16','Casa Venta',3,'',11,1,'2023-02-25 21:38:22.856582');
INSERT INTO "django_admin_log" VALUES(603,'15','Casa Venta',3,'',11,1,'2023-02-25 21:38:22.866584');
INSERT INTO "django_admin_log" VALUES(604,'14','Casa Venta',3,'',11,1,'2023-02-25 21:38:22.886591');
INSERT INTO "django_admin_log" VALUES(605,'13','Casa Venta',3,'',11,1,'2023-02-25 21:38:22.896597');
INSERT INTO "django_admin_log" VALUES(606,'12','Casa Venta',3,'',11,1,'2023-02-25 21:38:22.906590');
INSERT INTO "django_admin_log" VALUES(607,'11','Casa Venta',3,'',11,1,'2023-02-25 21:38:22.916586');
INSERT INTO "django_admin_log" VALUES(608,'2','Casa - Casa venta',2,'[{"changed": {"fields": ["Estado", "Operation"]}}]',18,1,'2023-02-25 21:38:44.410044');
INSERT INTO "django_admin_log" VALUES(609,'2','Casa - Casa venta',2,'[{"changed": {"fields": ["Estado"]}}]',18,1,'2023-02-25 21:39:33.474160');
INSERT INTO "django_admin_log" VALUES(610,'2','Casa - Casa venta',2,'[{"changed": {"fields": ["Estado"]}}]',18,1,'2023-02-25 21:43:09.387864');
INSERT INTO "django_admin_log" VALUES(611,'571','Casa Venta',3,'',11,1,'2023-02-25 21:47:02.728002');
INSERT INTO "django_admin_log" VALUES(612,'570','Casa Venta',3,'',11,1,'2023-02-25 21:47:02.737999');
INSERT INTO "django_admin_log" VALUES(613,'2','Casa - Casa venta',2,'[{"changed": {"fields": ["Operation"]}}]',18,1,'2023-02-25 21:47:13.558699');
INSERT INTO "django_admin_log" VALUES(614,'1','Casa Venta',3,'',11,1,'2023-02-25 21:53:10.228552');
INSERT INTO "django_admin_log" VALUES(615,'2','Casa - Casa venta',2,'[{"changed": {"fields": ["Estado", "Operation"]}}]',18,1,'2023-02-25 21:53:18.625586');
INSERT INTO "django_admin_log" VALUES(616,'3','Parcela - Waewaewae',1,'[{"added": {}}]',18,1,'2023-02-25 22:17:20.558849');
INSERT INTO "django_admin_log" VALUES(617,'4','Parcela - Waewaewae',1,'[{"added": {}}]',18,1,'2023-02-25 22:17:27.842346');
INSERT INTO "django_admin_log" VALUES(618,'4','Parcela - Waewaewae',3,'',18,1,'2023-02-25 22:18:01.267897');
INSERT INTO "django_admin_log" VALUES(619,'5','Casa - Casa venta',1,'[{"added": {}}]',18,1,'2023-02-25 22:22:27.870217');
INSERT INTO "django_admin_log" VALUES(620,'3','Parcela - Waewaewae',2,'[{"changed": {"fields": ["Estado"]}}]',18,1,'2023-02-25 22:24:55.023275');
INSERT INTO "django_admin_log" VALUES(621,'5','Casa - Casa venta',2,'[{"changed": {"fields": ["Estado"]}}]',18,1,'2023-02-25 22:24:58.737119');
INSERT INTO "django_admin_log" VALUES(622,'5','Casa - Casa venta',2,'[{"changed": {"fields": ["Estado"]}}]',18,1,'2023-02-25 22:26:55.406838');
INSERT INTO "django_admin_log" VALUES(623,'5','Casa - Casa venta',2,'[{"changed": {"fields": ["Estado"]}}]',18,1,'2023-02-25 22:28:27.178594');
INSERT INTO "django_admin_log" VALUES(624,'5','Casa - Casa venta',2,'[{"changed": {"fields": ["Estado"]}}]',18,1,'2023-02-25 22:29:05.922435');
INSERT INTO "django_admin_log" VALUES(625,'3','Parcela - Waewaewae',2,'[{"changed": {"fields": ["Estado"]}}]',18,1,'2023-02-25 22:29:47.367286');
INSERT INTO "django_admin_log" VALUES(626,'7','Local Comercial - Ewrewrewr',3,'',18,1,'2023-02-26 01:04:22.879937');
INSERT INTO "django_admin_log" VALUES(627,'3','Parcela - Waewaewae',2,'[{"changed": {"fields": ["Porcentaje Comisi\u00f3n"]}}]',18,1,'2023-02-26 03:40:20.804877');
INSERT INTO "django_admin_log" VALUES(628,'3','Parcela - Waewaewae',2,'[{"changed": {"fields": ["Porcentaje Comisi\u00f3n"]}}]',18,1,'2023-02-26 03:41:01.086302');
INSERT INTO "django_admin_log" VALUES(629,'1','theprimatesfactoryinc@gmail.com',3,'',20,1,'2023-02-26 18:50:10.817929');
INSERT INTO "django_admin_log" VALUES(630,'3','Casa Venta',2,'[{"changed": {"fields": ["Commission value"]}}]',11,1,'2023-02-26 19:09:54.311954');
INSERT INTO "django_admin_log" VALUES(631,'3','Casa Venta',2,'[{"changed": {"fields": ["Commission value"]}}]',11,1,'2023-02-26 19:10:47.628732');
INSERT INTO "django_admin_log" VALUES(632,'3','Casa Venta',3,'',11,1,'2023-02-26 19:20:46.676099');
INSERT INTO "django_admin_log" VALUES(633,'2','Casa Venta',3,'',11,1,'2023-02-26 19:20:46.689102');
INSERT INTO "django_admin_log" VALUES(634,'2','Local Comercial Arriendo',2,'[{"changed": {"fields": ["Estado"]}}]',29,1,'2023-02-26 21:21:12.625434');
INSERT INTO "django_admin_log" VALUES(635,'1','Parcela Venta',2,'[{"changed": {"fields": ["Estado"]}}]',29,1,'2023-02-26 21:21:16.313578');
INSERT INTO "django_admin_log" VALUES(636,'1','Parcela Venta',2,'[{"changed": {"fields": ["Estado"]}}]',29,1,'2023-02-26 21:21:33.221810');
INSERT INTO "django_admin_log" VALUES(637,'2','Local Comercial Arriendo',2,'[{"changed": {"fields": ["Estado"]}}]',29,1,'2023-02-26 21:23:05.811521');
INSERT INTO "django_admin_log" VALUES(638,'9','Parcela - Waewaewae',2,'[{"changed": {"fields": ["Estado", "Views"]}}]',18,1,'2023-02-26 21:58:08.216676');
INSERT INTO "django_admin_log" VALUES(639,'9','Parcela - Waewaewae',2,'[{"changed": {"fields": ["Estado"]}}]',18,1,'2023-02-26 21:59:05.106740');
INSERT INTO "django_admin_log" VALUES(640,'9','Parcela - Waewaewae',2,'[{"changed": {"fields": ["Estado"]}}]',18,1,'2023-02-26 22:02:17.473097');
INSERT INTO "django_admin_log" VALUES(641,'5','Parcela - Waewaewae',2,'[{"changed": {"fields": ["Estado"]}}]',13,1,'2023-02-26 22:05:23.195855');
INSERT INTO "django_admin_log" VALUES(642,'5','Parcela - Waewaewae',2,'[{"changed": {"fields": ["Estado"]}}]',13,1,'2023-02-26 22:06:12.410592');
INSERT INTO "django_admin_log" VALUES(643,'5','Parcela - Waewaewae',2,'[{"changed": {"fields": ["Estado"]}}]',13,1,'2023-02-26 22:10:23.904489');
INSERT INTO "django_admin_log" VALUES(644,'5','Parcela - Waewaewae',2,'[{"changed": {"fields": ["Estado"]}}]',13,1,'2023-02-26 22:13:35.920201');
INSERT INTO "django_admin_log" VALUES(645,'5','Parcela - Waewaewae',2,'[{"changed": {"fields": ["Estado"]}}]',13,1,'2023-02-26 22:14:46.599620');
INSERT INTO "django_admin_log" VALUES(646,'9','Parcela - Waewaewae',2,'[{"changed": {"fields": ["Estado"]}}]',18,1,'2023-02-26 22:15:02.793578');
INSERT INTO "django_admin_log" VALUES(647,'5','Parcela - Waewaewae',2,'[{"changed": {"fields": ["Estado"]}}]',13,1,'2023-02-26 22:16:22.535501');
INSERT INTO "django_admin_log" VALUES(648,'5','Parcela - Waewaewae',2,'[{"changed": {"fields": ["Estado"]}}]',13,1,'2023-02-26 22:17:16.390166');
INSERT INTO "django_admin_log" VALUES(649,'5','Parcela - Waewaewae',2,'[{"changed": {"fields": ["Estado"]}}]',13,1,'2023-02-26 22:19:41.121286');
INSERT INTO "django_admin_log" VALUES(650,'9','Parcela - Waewaewae',2,'[{"changed": {"fields": ["Estado", "Operation"]}}]',18,1,'2023-02-26 22:19:53.666734');
INSERT INTO "django_admin_log" VALUES(651,'9','Parcela - Waewaewae',2,'[{"changed": {"fields": ["Estado", "Operation"]}}]',18,1,'2023-02-26 22:20:02.617973');
CREATE UNIQUE INDEX "django_content_type_app_label_model_76bd3d3b_uniq" ON "django_content_type" ("app_label", "model");
CREATE UNIQUE INDEX "auth_group_permissions_group_id_permission_id_0cd325b0_uniq" ON "auth_group_permissions" ("group_id", "permission_id");
CREATE INDEX IF NOT EXISTS "auth_group_permissions_group_id_b120cbf9" ON "auth_group_permissions" ("group_id");
CREATE INDEX IF NOT EXISTS "auth_group_permissions_permission_id_84c5c92e" ON "auth_group_permissions" ("permission_id");
CREATE UNIQUE INDEX "auth_permission_content_type_id_codename_01ab375a_uniq" ON "auth_permission" ("content_type_id", "codename");
CREATE INDEX IF NOT EXISTS "auth_permission_content_type_id_2f476e4b" ON "auth_permission" ("content_type_id");
CREATE UNIQUE INDEX "accounts_customuser_groups_customuser_id_group_id_c074bdcb_uniq" ON "accounts_customuser_groups" ("customuser_id", "group_id");
CREATE INDEX IF NOT EXISTS "accounts_customuser_groups_customuser_id_bc55088e" ON "accounts_customuser_groups" ("customuser_id");
CREATE INDEX IF NOT EXISTS "accounts_customuser_groups_group_id_86ba5f9e" ON "accounts_customuser_groups" ("group_id");
CREATE UNIQUE INDEX "accounts_customuser_user_permissions_customuser_id_permission_id_9632a709_uniq" ON "accounts_customuser_user_permissions" ("customuser_id", "permission_id");
CREATE INDEX IF NOT EXISTS "accounts_customuser_user_permissions_customuser_id_0deaefae" ON "accounts_customuser_user_permissions" ("customuser_id");
CREATE INDEX IF NOT EXISTS "accounts_customuser_user_permissions_permission_id_aea3d0e5" ON "accounts_customuser_user_permissions" ("permission_id");
CREATE INDEX IF NOT EXISTS "django_admin_log_content_type_id_c4bce8eb" ON "django_admin_log" ("content_type_id");
CREATE INDEX IF NOT EXISTS "django_admin_log_user_id_c564eba6" ON "django_admin_log" ("user_id");
CREATE UNIQUE INDEX "newsletters_newsletter_email_newsletter_id_newsletteruser_id_729391df_uniq" ON "newsletters_newsletter_email" ("newsletter_id", "newsletteruser_id");
CREATE INDEX IF NOT EXISTS "newsletters_newsletter_email_newsletter_id_86f76210" ON "newsletters_newsletter_email" ("newsletter_id");
CREATE INDEX IF NOT EXISTS "newsletters_newsletter_email_newsletteruser_id_c7b00502" ON "newsletters_newsletter_email" ("newsletteruser_id");
CREATE INDEX IF NOT EXISTS "properties_urbansite_property_id_0f9e3592" ON "properties_urbansite" ("property_id");
CREATE INDEX IF NOT EXISTS "properties_shop_property_id_10ac3c0d" ON "properties_shop" ("property_id");
CREATE INDEX IF NOT EXISTS "properties_propertyimage_property_id_883194e7" ON "properties_propertyimage" ("property_id");
CREATE INDEX IF NOT EXISTS "properties_propertycontact_property_id_49ac3914" ON "properties_propertycontact" ("property_id");
CREATE INDEX IF NOT EXISTS "properties_property_commune_id_948414dc" ON "properties_property" ("commune_id");
CREATE INDEX IF NOT EXISTS "properties_property_region_id_bdc9e684" ON "properties_property" ("region_id");
CREATE INDEX IF NOT EXISTS "properties_property_user_id_d65e9a67" ON "properties_property" ("user_id");
CREATE INDEX IF NOT EXISTS "properties_parcel_property_id_3ce4d875" ON "properties_parcel" ("property_id");
CREATE INDEX IF NOT EXISTS "properties_office_property_id_02ceab57" ON "properties_office" ("property_id");
CREATE INDEX IF NOT EXISTS "properties_industrial_property_id_ceb76305" ON "properties_industrial" ("property_id");
CREATE INDEX IF NOT EXISTS "properties_house_property_id_cd7f08ea" ON "properties_house" ("property_id");
CREATE INDEX IF NOT EXISTS "properties_commune_location_slug_e136a79f" ON "properties_commune" ("location_slug");
CREATE INDEX IF NOT EXISTS "properties_commune_region_id_5570bcad" ON "properties_commune" ("region_id");
CREATE INDEX IF NOT EXISTS "properties_cellar_property_id_fabcf2b9" ON "properties_cellar" ("property_id");
CREATE INDEX IF NOT EXISTS "properties_apartment_property_id_b78dace9" ON "properties_apartment" ("property_id");
CREATE INDEX IF NOT EXISTS "django_session_expire_date_a5c62663" ON "django_session" ("expire_date");
CREATE INDEX IF NOT EXISTS "properties_publication_owner_id_855dd835" ON "properties_publication" ("owner_id");
CREATE INDEX IF NOT EXISTS "properties_publication_property_id_0ee40f95" ON "properties_publication" ("property_id");
CREATE INDEX IF NOT EXISTS "properties_publication_realtor_id_2ed80779" ON "properties_publication" ("realtor_id");
CREATE INDEX IF NOT EXISTS "properties_publication_user_id_01528e25" ON "properties_publication" ("user_id");
CREATE UNIQUE INDEX "properties_publication_views_publication_id_ipvisitor_id_01380f72_uniq" ON "properties_publication_views" ("publication_id", "ipvisitor_id");
CREATE INDEX IF NOT EXISTS "properties_publication_views_publication_id_2f3e43dc" ON "properties_publication_views" ("publication_id");
CREATE INDEX IF NOT EXISTS "properties_publication_views_ipvisitor_id_5a957899" ON "properties_publication_views" ("ipvisitor_id");
CREATE TABLE IF NOT EXISTS "django_content_type" ("id" integer NOT NULL PRIMARY KEY AUTOINCREMENT, "app_label" varchar(100) NOT NULL, "model" varchar(100) NOT NULL);
INSERT INTO "django_content_type" VALUES(1,'admin','logentry');
INSERT INTO "django_content_type" VALUES(2,'auth','permission');
INSERT INTO "django_content_type" VALUES(3,'auth','group');
INSERT INTO "django_content_type" VALUES(4,'contenttypes','contenttype');
INSERT INTO "django_content_type" VALUES(5,'sessions','session');
INSERT INTO "django_content_type" VALUES(6,'accounts','customuser');
INSERT INTO "django_content_type" VALUES(7,'pages','contact');
INSERT INTO "django_content_type" VALUES(8,'pages','ownercontact');
INSERT INTO "django_content_type" VALUES(9,'properties','commune');
INSERT INTO "django_content_type" VALUES(10,'properties','ipvisitor');
INSERT INTO "django_content_type" VALUES(11,'properties','operationhistory');
INSERT INTO "django_content_type" VALUES(12,'properties','owner');
INSERT INTO "django_content_type" VALUES(13,'properties','property');
INSERT INTO "django_content_type" VALUES(14,'properties','realtor');
INSERT INTO "django_content_type" VALUES(15,'properties','region');
INSERT INTO "django_content_type" VALUES(16,'properties','urbansite');
INSERT INTO "django_content_type" VALUES(17,'properties','shop');
INSERT INTO "django_content_type" VALUES(18,'properties','publication');
INSERT INTO "django_content_type" VALUES(19,'properties','propertyimage');
INSERT INTO "django_content_type" VALUES(20,'properties','propertycontact');
INSERT INTO "django_content_type" VALUES(21,'properties','parcel');
INSERT INTO "django_content_type" VALUES(22,'properties','office');
INSERT INTO "django_content_type" VALUES(23,'properties','industrial');
INSERT INTO "django_content_type" VALUES(24,'properties','house');
INSERT INTO "django_content_type" VALUES(25,'properties','cellar');
INSERT INTO "django_content_type" VALUES(26,'properties','apartment');
INSERT INTO "django_content_type" VALUES(27,'newsletters','newsletteruser');
INSERT INTO "django_content_type" VALUES(28,'newsletters','newsletter');
INSERT INTO "django_content_type" VALUES(29,'reports','operationhistory');
CREATE UNIQUE INDEX "django_content_type_app_label_model_76bd3d3b_uniq" ON "django_content_type" ("app_label", "model");
CREATE UNIQUE INDEX "auth_group_permissions_group_id_permission_id_0cd325b0_uniq" ON "auth_group_permissions" ("group_id", "permission_id");
CREATE INDEX IF NOT EXISTS "auth_group_permissions_group_id_b120cbf9" ON "auth_group_permissions" ("group_id");
CREATE INDEX IF NOT EXISTS "auth_group_permissions_permission_id_84c5c92e" ON "auth_group_permissions" ("permission_id");
CREATE UNIQUE INDEX "auth_permission_content_type_id_codename_01ab375a_uniq" ON "auth_permission" ("content_type_id", "codename");
CREATE INDEX IF NOT EXISTS "auth_permission_content_type_id_2f476e4b" ON "auth_permission" ("content_type_id");
CREATE UNIQUE INDEX "accounts_customuser_groups_customuser_id_group_id_c074bdcb_uniq" ON "accounts_customuser_groups" ("customuser_id", "group_id");
CREATE INDEX IF NOT EXISTS "accounts_customuser_groups_customuser_id_bc55088e" ON "accounts_customuser_groups" ("customuser_id");
CREATE INDEX IF NOT EXISTS "accounts_customuser_groups_group_id_86ba5f9e" ON "accounts_customuser_groups" ("group_id");
CREATE UNIQUE INDEX "accounts_customuser_user_permissions_customuser_id_permission_id_9632a709_uniq" ON "accounts_customuser_user_permissions" ("customuser_id", "permission_id");
CREATE INDEX IF NOT EXISTS "accounts_customuser_user_permissions_customuser_id_0deaefae" ON "accounts_customuser_user_permissions" ("customuser_id");
CREATE INDEX IF NOT EXISTS "accounts_customuser_user_permissions_permission_id_aea3d0e5" ON "accounts_customuser_user_permissions" ("permission_id");
CREATE INDEX IF NOT EXISTS "django_admin_log_content_type_id_c4bce8eb" ON "django_admin_log" ("content_type_id");
CREATE INDEX IF NOT EXISTS "django_admin_log_user_id_c564eba6" ON "django_admin_log" ("user_id");
CREATE UNIQUE INDEX "newsletters_newsletter_email_newsletter_id_newsletteruser_id_729391df_uniq" ON "newsletters_newsletter_email" ("newsletter_id", "newsletteruser_id");
CREATE INDEX IF NOT EXISTS "newsletters_newsletter_email_newsletter_id_86f76210" ON "newsletters_newsletter_email" ("newsletter_id");
CREATE INDEX IF NOT EXISTS "newsletters_newsletter_email_newsletteruser_id_c7b00502" ON "newsletters_newsletter_email" ("newsletteruser_id");
CREATE INDEX IF NOT EXISTS "properties_urbansite_property_id_0f9e3592" ON "properties_urbansite" ("property_id");
CREATE INDEX IF NOT EXISTS "properties_shop_property_id_10ac3c0d" ON "properties_shop" ("property_id");
CREATE INDEX IF NOT EXISTS "properties_propertyimage_property_id_883194e7" ON "properties_propertyimage" ("property_id");
CREATE INDEX IF NOT EXISTS "properties_propertycontact_property_id_49ac3914" ON "properties_propertycontact" ("property_id");
CREATE INDEX IF NOT EXISTS "properties_property_commune_id_948414dc" ON "properties_property" ("commune_id");
CREATE INDEX IF NOT EXISTS "properties_property_region_id_bdc9e684" ON "properties_property" ("region_id");
CREATE INDEX IF NOT EXISTS "properties_property_user_id_d65e9a67" ON "properties_property" ("user_id");
CREATE INDEX IF NOT EXISTS "properties_parcel_property_id_3ce4d875" ON "properties_parcel" ("property_id");
CREATE INDEX IF NOT EXISTS "properties_office_property_id_02ceab57" ON "properties_office" ("property_id");
CREATE INDEX IF NOT EXISTS "properties_industrial_property_id_ceb76305" ON "properties_industrial" ("property_id");
CREATE INDEX IF NOT EXISTS "properties_house_property_id_cd7f08ea" ON "properties_house" ("property_id");
CREATE INDEX IF NOT EXISTS "properties_commune_location_slug_e136a79f" ON "properties_commune" ("location_slug");
CREATE INDEX IF NOT EXISTS "properties_commune_region_id_5570bcad" ON "properties_commune" ("region_id");
CREATE INDEX IF NOT EXISTS "properties_cellar_property_id_fabcf2b9" ON "properties_cellar" ("property_id");
CREATE INDEX IF NOT EXISTS "properties_apartment_property_id_b78dace9" ON "properties_apartment" ("property_id");
CREATE INDEX IF NOT EXISTS "django_session_expire_date_a5c62663" ON "django_session" ("expire_date");
CREATE INDEX IF NOT EXISTS "properties_publication_owner_id_855dd835" ON "properties_publication" ("owner_id");
CREATE INDEX IF NOT EXISTS "properties_publication_property_id_0ee40f95" ON "properties_publication" ("property_id");
CREATE INDEX IF NOT EXISTS "properties_publication_realtor_id_2ed80779" ON "properties_publication" ("realtor_id");
CREATE INDEX IF NOT EXISTS "properties_publication_user_id_01528e25" ON "properties_publication" ("user_id");
CREATE UNIQUE INDEX "properties_publication_views_publication_id_ipvisitor_id_01380f72_uniq" ON "properties_publication_views" ("publication_id", "ipvisitor_id");
CREATE INDEX IF NOT EXISTS "properties_publication_views_publication_id_2f3e43dc" ON "properties_publication_views" ("publication_id");
CREATE INDEX IF NOT EXISTS "properties_publication_views_ipvisitor_id_5a957899" ON "properties_publication_views" ("ipvisitor_id");
CREATE TABLE IF NOT EXISTS "django_migrations" ("id" integer NOT NULL PRIMARY KEY AUTOINCREMENT, "app" varchar(255) NOT NULL, "name" varchar(255) NOT NULL, "applied" datetime NOT NULL);
INSERT INTO "django_migrations" VALUES(1,'contenttypes','0001_initial','2023-02-24 00:28:34.810301');
INSERT INTO "django_migrations" VALUES(2,'contenttypes','0002_remove_content_type_name','2023-02-24 00:28:34.840870');
INSERT INTO "django_migrations" VALUES(3,'auth','0001_initial','2023-02-24 00:28:34.883454');
INSERT INTO "django_migrations" VALUES(4,'auth','0002_alter_permission_name_max_length','2023-02-24 00:28:34.914114');
INSERT INTO "django_migrations" VALUES(5,'auth','0003_alter_user_email_max_length','2023-02-24 00:28:34.934111');
INSERT INTO "django_migrations" VALUES(6,'auth','0004_alter_user_username_opts','2023-02-24 00:28:34.955105');
INSERT INTO "django_migrations" VALUES(7,'auth','0005_alter_user_last_login_null','2023-02-24 00:28:34.974106');
INSERT INTO "django_migrations" VALUES(8,'auth','0006_require_contenttypes_0002','2023-02-24 00:28:34.987110');
INSERT INTO "django_migrations" VALUES(9,'auth','0007_alter_validators_add_error_messages','2023-02-24 00:28:35.007105');
INSERT INTO "django_migrations" VALUES(10,'auth','0008_alter_user_username_max_length','2023-02-24 00:28:35.028106');
INSERT INTO "django_migrations" VALUES(11,'auth','0009_alter_user_last_name_max_length','2023-02-24 00:28:35.048104');
INSERT INTO "django_migrations" VALUES(12,'auth','0010_alter_group_name_max_length','2023-02-24 00:28:35.075105');
INSERT INTO "django_migrations" VALUES(13,'auth','0011_update_proxy_permissions','2023-02-24 00:28:35.094106');
INSERT INTO "django_migrations" VALUES(14,'auth','0012_alter_user_first_name_max_length','2023-02-24 00:28:35.114105');
INSERT INTO "django_migrations" VALUES(15,'accounts','0001_initial','2023-02-24 00:28:35.174115');
INSERT INTO "django_migrations" VALUES(16,'accounts','0002_alter_pricing_price_alter_subscription_user','2023-02-24 00:28:35.216119');
INSERT INTO "django_migrations" VALUES(17,'accounts','0003_customuser_phone_customuser_rut_alter_pricing_price','2023-02-24 00:28:35.271106');
INSERT INTO "django_migrations" VALUES(18,'accounts','0004_alter_customuser_phone','2023-02-24 00:28:35.294281');
INSERT INTO "django_migrations" VALUES(19,'accounts','0005_customuser_terms','2023-02-24 00:28:35.331272');
INSERT INTO "django_migrations" VALUES(20,'accounts','0006_alter_customuser_terms','2023-02-24 00:28:35.370273');
INSERT INTO "django_migrations" VALUES(21,'accounts','0007_customuser_paid_until','2023-02-24 00:28:35.396274');
INSERT INTO "django_migrations" VALUES(22,'accounts','0008_alter_pricing_allowed_property','2023-02-24 00:28:35.413270');
INSERT INTO "django_migrations" VALUES(23,'accounts','0009_remove_subscription_pricing_remove_subscription_user_and_more','2023-02-24 00:28:35.503732');
INSERT INTO "django_migrations" VALUES(24,'admin','0001_initial','2023-02-24 00:28:35.538734');
INSERT INTO "django_migrations" VALUES(25,'admin','0002_logentry_remove_auto_add','2023-02-24 00:28:35.579742');
INSERT INTO "django_migrations" VALUES(26,'admin','0003_logentry_add_action_flag_choices','2023-02-24 00:28:35.603748');
INSERT INTO "django_migrations" VALUES(27,'newsletters','0001_initial','2023-02-24 00:28:35.640756');
INSERT INTO "django_migrations" VALUES(28,'pages','0001_initial','2023-02-24 00:28:35.663748');
INSERT INTO "django_migrations" VALUES(29,'pages','0002_contact_category','2023-02-24 00:28:35.691197');
INSERT INTO "django_migrations" VALUES(30,'pages','0003_alter_contact_category_alter_contact_name_and_more','2023-02-24 00:28:35.725195');
INSERT INTO "django_migrations" VALUES(31,'properties','0001_initial','2023-02-24 00:28:36.384333');
INSERT INTO "django_migrations" VALUES(32,'sessions','0001_initial','2023-02-24 00:28:36.413341');
INSERT INTO "django_migrations" VALUES(33,'properties','0002_remove_property_is_featured_remove_property_is_iva_and_more','2023-02-24 00:36:48.795532');
INSERT INTO "django_migrations" VALUES(34,'properties','0003_alter_property_views','2023-02-24 02:00:56.287014');
INSERT INTO "django_migrations" VALUES(35,'properties','0004_remove_property_views_publication_views','2023-02-24 02:24:21.022598');
INSERT INTO "django_migrations" VALUES(36,'properties','0002_alter_publication_views','2023-02-24 02:49:38.865604');
INSERT INTO "django_migrations" VALUES(37,'properties','0003_operationhistory_created_operationhistory_modified_and_more','2023-02-25 02:36:45.147282');
INSERT INTO "django_migrations" VALUES(38,'properties','0004_operationhistory_codigo_operationhistory_commune_and_more','2023-02-25 19:10:57.970497');
INSERT INTO "django_migrations" VALUES(39,'properties','0005_alter_operationhistory_codigo_and_more','2023-02-25 19:10:58.064281');
INSERT INTO "django_migrations" VALUES(40,'properties','0006_alter_operationhistory_codigo_and_more','2023-02-25 19:15:37.206801');
INSERT INTO "django_migrations" VALUES(41,'properties','0007_operationhistory_operation','2023-02-25 21:49:29.541384');
INSERT INTO "django_migrations" VALUES(42,'properties','0008_delete_operationhistory','2023-02-26 21:10:55.377672');
INSERT INTO "django_migrations" VALUES(43,'reports','0001_initial','2023-02-26 21:10:55.422669');
CREATE UNIQUE INDEX "django_content_type_app_label_model_76bd3d3b_uniq" ON "django_content_type" ("app_label", "model");
CREATE UNIQUE INDEX "auth_group_permissions_group_id_permission_id_0cd325b0_uniq" ON "auth_group_permissions" ("group_id", "permission_id");
CREATE INDEX IF NOT EXISTS "auth_group_permissions_group_id_b120cbf9" ON "auth_group_permissions" ("group_id");
CREATE INDEX IF NOT EXISTS "auth_group_permissions_permission_id_84c5c92e" ON "auth_group_permissions" ("permission_id");
CREATE UNIQUE INDEX "auth_permission_content_type_id_codename_01ab375a_uniq" ON "auth_permission" ("content_type_id", "codename");
CREATE INDEX IF NOT EXISTS "auth_permission_content_type_id_2f476e4b" ON "auth_permission" ("content_type_id");
CREATE UNIQUE INDEX "accounts_customuser_groups_customuser_id_group_id_c074bdcb_uniq" ON "accounts_customuser_groups" ("customuser_id", "group_id");
CREATE INDEX IF NOT EXISTS "accounts_customuser_groups_customuser_id_bc55088e" ON "accounts_customuser_groups" ("customuser_id");
CREATE INDEX IF NOT EXISTS "accounts_customuser_groups_group_id_86ba5f9e" ON "accounts_customuser_groups" ("group_id");
CREATE UNIQUE INDEX "accounts_customuser_user_permissions_customuser_id_permission_id_9632a709_uniq" ON "accounts_customuser_user_permissions" ("customuser_id", "permission_id");
CREATE INDEX IF NOT EXISTS "accounts_customuser_user_permissions_customuser_id_0deaefae" ON "accounts_customuser_user_permissions" ("customuser_id");
CREATE INDEX IF NOT EXISTS "accounts_customuser_user_permissions_permission_id_aea3d0e5" ON "accounts_customuser_user_permissions" ("permission_id");
CREATE INDEX IF NOT EXISTS "django_admin_log_content_type_id_c4bce8eb" ON "django_admin_log" ("content_type_id");
CREATE INDEX IF NOT EXISTS "django_admin_log_user_id_c564eba6" ON "django_admin_log" ("user_id");
CREATE UNIQUE INDEX "newsletters_newsletter_email_newsletter_id_newsletteruser_id_729391df_uniq" ON "newsletters_newsletter_email" ("newsletter_id", "newsletteruser_id");
CREATE INDEX IF NOT EXISTS "newsletters_newsletter_email_newsletter_id_86f76210" ON "newsletters_newsletter_email" ("newsletter_id");
CREATE INDEX IF NOT EXISTS "newsletters_newsletter_email_newsletteruser_id_c7b00502" ON "newsletters_newsletter_email" ("newsletteruser_id");
CREATE INDEX IF NOT EXISTS "properties_urbansite_property_id_0f9e3592" ON "properties_urbansite" ("property_id");
CREATE INDEX IF NOT EXISTS "properties_shop_property_id_10ac3c0d" ON "properties_shop" ("property_id");
CREATE INDEX IF NOT EXISTS "properties_propertyimage_property_id_883194e7" ON "properties_propertyimage" ("property_id");
CREATE INDEX IF NOT EXISTS "properties_propertycontact_property_id_49ac3914" ON "properties_propertycontact" ("property_id");
CREATE INDEX IF NOT EXISTS "properties_property_commune_id_948414dc" ON "properties_property" ("commune_id");
CREATE INDEX IF NOT EXISTS "properties_property_region_id_bdc9e684" ON "properties_property" ("region_id");
CREATE INDEX IF NOT EXISTS "properties_property_user_id_d65e9a67" ON "properties_property" ("user_id");
CREATE INDEX IF NOT EXISTS "properties_parcel_property_id_3ce4d875" ON "properties_parcel" ("property_id");
CREATE INDEX IF NOT EXISTS "properties_office_property_id_02ceab57" ON "properties_office" ("property_id");
CREATE INDEX IF NOT EXISTS "properties_industrial_property_id_ceb76305" ON "properties_industrial" ("property_id");
CREATE INDEX IF NOT EXISTS "properties_house_property_id_cd7f08ea" ON "properties_house" ("property_id");
CREATE INDEX IF NOT EXISTS "properties_commune_location_slug_e136a79f" ON "properties_commune" ("location_slug");
CREATE INDEX IF NOT EXISTS "properties_commune_region_id_5570bcad" ON "properties_commune" ("region_id");
CREATE INDEX IF NOT EXISTS "properties_cellar_property_id_fabcf2b9" ON "properties_cellar" ("property_id");
CREATE INDEX IF NOT EXISTS "properties_apartment_property_id_b78dace9" ON "properties_apartment" ("property_id");
CREATE INDEX IF NOT EXISTS "django_session_expire_date_a5c62663" ON "django_session" ("expire_date");
CREATE INDEX IF NOT EXISTS "properties_publication_owner_id_855dd835" ON "properties_publication" ("owner_id");
CREATE INDEX IF NOT EXISTS "properties_publication_property_id_0ee40f95" ON "properties_publication" ("property_id");
CREATE INDEX IF NOT EXISTS "properties_publication_realtor_id_2ed80779" ON "properties_publication" ("realtor_id");
CREATE INDEX IF NOT EXISTS "properties_publication_user_id_01528e25" ON "properties_publication" ("user_id");
CREATE UNIQUE INDEX "properties_publication_views_publication_id_ipvisitor_id_01380f72_uniq" ON "properties_publication_views" ("publication_id", "ipvisitor_id");
CREATE INDEX IF NOT EXISTS "properties_publication_views_publication_id_2f3e43dc" ON "properties_publication_views" ("publication_id");
CREATE INDEX IF NOT EXISTS "properties_publication_views_ipvisitor_id_5a957899" ON "properties_publication_views" ("ipvisitor_id");
CREATE TABLE IF NOT EXISTS "django_session" ("session_key" varchar(40) NOT NULL PRIMARY KEY, "session_data" text NOT NULL, "expire_date" datetime NOT NULL);
INSERT INTO "django_session" VALUES('oxa4ma3s0mbtqvc3a4mnvs1c1bzmvawc','.eJxVjMsOwiAQRf-FtSEMD8u4dN9vIEMHpGogKe3K-O_apAvd3nPOfYlA21rC1tMSZhYXAeL0u0WaHqnugO9Ub01Ora7LHOWuyIN2OTZOz-vh_h0U6uVbZ3ZgacgM5IE5oVVn7xJB9paUA9Rq8IgJDGptFHlnIbI3URkkDSTeH9hgNwc:1pVLyM:a2W5gvENI9K7pWWQJameSKqi2-kXcFvqaPc4ZbJC3tk','2023-03-10 00:30:02.996046');
INSERT INTO "django_session" VALUES('poa6o55ncfx1ppb9eh4dzt7t2u3urlap','.eJxVjMsOwiAQRf-FtSEMD8u4dN9vIEMHpGogKe3K-O_apAvd3nPOfYlA21rC1tMSZhYXAeL0u0WaHqnugO9Ub01Ora7LHOWuyIN2OTZOz-vh_h0U6uVbZ3ZgacgM5IE5oVVn7xJB9paUA9Rq8IgJDGptFHlnIbI3URkkDSTeH9hgNwc:1pVand:lwWelOWk1IF8SAplaVNHRT6byxkI3efBX90_ZXIkcF4','2023-03-10 16:19:57.160960');
INSERT INTO "django_session" VALUES('4o2jgd2mnxmp7npsq8qippqp2n0l2v81','.eJxVjMsOwiAQRf-FtSEMD8u4dN9vIEMHpGogKe3K-O_apAvd3nPOfYlA21rC1tMSZhYXAeL0u0WaHqnugO9Ub01Ora7LHOWuyIN2OTZOz-vh_h0U6uVbZ3ZgacgM5IE5oVVn7xJB9paUA9Rq8IgJDGptFHlnIbI3URkkDSTeH9hgNwc:1pVzmn:0qY-dzozIW8HfazXhHDv5g5WBG_M4v018SfnUKxFhlY','2023-03-11 19:00:45.945698');
INSERT INTO "django_session" VALUES('lf9bhnrvtslxk1s1h2ybgioblsdgcm5u','.eJxVjMsOwiAQRf-FtSEMD8u4dN9vIEMHpGogKe3K-O_apAvd3nPOfYlA21rC1tMSZhYXAeL0u0WaHqnugO9Ub01Ora7LHOWuyIN2OTZOz-vh_h0U6uVbZ3ZgacgM5IE5oVVn7xJB9paUA9Rq8IgJDGptFHlnIbI3URkkDSTeH9hgNwc:1pWJuo:D92zyhF8P22BVSv4_a9lVgCshK8mgDCpjodgYJwcHCM','2023-03-12 16:30:22.138683');
INSERT INTO "django_session" VALUES('l9ssalcyenrwgb4si9l3z1ip9y0kco1z','.eJxVjMsOwiAQRf-FtSEMD8u4dN9vIEMHpGogKe3K-O_apAvd3nPOfYlA21rC1tMSZhYXAeL0u0WaHqnugO9Ub01Ora7LHOWuyIN2OTZOz-vh_h0U6uVbZ3ZgacgM5IE5oVVn7xJB9paUA9Rq8IgJDGptFHlnIbI3URkkDSTeH9hgNwc:1pWSev:g6xVcflKC9L-mkpSCgQ68yn3I9tayTYF_amwxKlkxz0','2023-03-13 01:50:33.012738');
INSERT INTO "django_session" VALUES('6928tmnkuk36ptu98utbxmghzq4gzvg7','.eJxVjMsOwiAQRf-FtSEMD8u4dN9vIEMHpGogKe3K-O_apAvd3nPOfYlA21rC1tMSZhYXAeL0u0WaHqnugO9Ub01Ora7LHOWuyIN2OTZOz-vh_h0U6uVbZ3ZgacgM5IE5oVVn7xJB9paUA9Rq8IgJDGptFHlnIbI3URkkDSTeH9hgNwc:1pYV57:5SYEa0nIIN0LN_v4NuM_AvAznn2j9hbXxwF05MFetLU','2023-03-18 16:50:01.130720');
CREATE UNIQUE INDEX "django_content_type_app_label_model_76bd3d3b_uniq" ON "django_content_type" ("app_label", "model");
CREATE UNIQUE INDEX "auth_group_permissions_group_id_permission_id_0cd325b0_uniq" ON "auth_group_permissions" ("group_id", "permission_id");
CREATE INDEX IF NOT EXISTS "auth_group_permissions_group_id_b120cbf9" ON "auth_group_permissions" ("group_id");
CREATE INDEX IF NOT EXISTS "auth_group_permissions_permission_id_84c5c92e" ON "auth_group_permissions" ("permission_id");
CREATE UNIQUE INDEX "auth_permission_content_type_id_codename_01ab375a_uniq" ON "auth_permission" ("content_type_id", "codename");
CREATE INDEX IF NOT EXISTS "auth_permission_content_type_id_2f476e4b" ON "auth_permission" ("content_type_id");
CREATE UNIQUE INDEX "accounts_customuser_groups_customuser_id_group_id_c074bdcb_uniq" ON "accounts_customuser_groups" ("customuser_id", "group_id");
CREATE INDEX IF NOT EXISTS "accounts_customuser_groups_customuser_id_bc55088e" ON "accounts_customuser_groups" ("customuser_id");
CREATE INDEX IF NOT EXISTS "accounts_customuser_groups_group_id_86ba5f9e" ON "accounts_customuser_groups" ("group_id");
CREATE UNIQUE INDEX "accounts_customuser_user_permissions_customuser_id_permission_id_9632a709_uniq" ON "accounts_customuser_user_permissions" ("customuser_id", "permission_id");
CREATE INDEX IF NOT EXISTS "accounts_customuser_user_permissions_customuser_id_0deaefae" ON "accounts_customuser_user_permissions" ("customuser_id");
CREATE INDEX IF NOT EXISTS "accounts_customuser_user_permissions_permission_id_aea3d0e5" ON "accounts_customuser_user_permissions" ("permission_id");
CREATE INDEX IF NOT EXISTS "django_admin_log_content_type_id_c4bce8eb" ON "django_admin_log" ("content_type_id");
CREATE INDEX IF NOT EXISTS "django_admin_log_user_id_c564eba6" ON "django_admin_log" ("user_id");
CREATE UNIQUE INDEX "newsletters_newsletter_email_newsletter_id_newsletteruser_id_729391df_uniq" ON "newsletters_newsletter_email" ("newsletter_id", "newsletteruser_id");
CREATE INDEX IF NOT EXISTS "newsletters_newsletter_email_newsletter_id_86f76210" ON "newsletters_newsletter_email" ("newsletter_id");
CREATE INDEX IF NOT EXISTS "newsletters_newsletter_email_newsletteruser_id_c7b00502" ON "newsletters_newsletter_email" ("newsletteruser_id");
CREATE INDEX IF NOT EXISTS "properties_urbansite_property_id_0f9e3592" ON "properties_urbansite" ("property_id");
CREATE INDEX IF NOT EXISTS "properties_shop_property_id_10ac3c0d" ON "properties_shop" ("property_id");
CREATE INDEX IF NOT EXISTS "properties_propertyimage_property_id_883194e7" ON "properties_propertyimage" ("property_id");
CREATE INDEX IF NOT EXISTS "properties_propertycontact_property_id_49ac3914" ON "properties_propertycontact" ("property_id");
CREATE INDEX IF NOT EXISTS "properties_property_commune_id_948414dc" ON "properties_property" ("commune_id");
CREATE INDEX IF NOT EXISTS "properties_property_region_id_bdc9e684" ON "properties_property" ("region_id");
CREATE INDEX IF NOT EXISTS "properties_property_user_id_d65e9a67" ON "properties_property" ("user_id");
CREATE INDEX IF NOT EXISTS "properties_parcel_property_id_3ce4d875" ON "properties_parcel" ("property_id");
CREATE INDEX IF NOT EXISTS "properties_office_property_id_02ceab57" ON "properties_office" ("property_id");
CREATE INDEX IF NOT EXISTS "properties_industrial_property_id_ceb76305" ON "properties_industrial" ("property_id");
CREATE INDEX IF NOT EXISTS "properties_house_property_id_cd7f08ea" ON "properties_house" ("property_id");
CREATE INDEX IF NOT EXISTS "properties_commune_location_slug_e136a79f" ON "properties_commune" ("location_slug");
CREATE INDEX IF NOT EXISTS "properties_commune_region_id_5570bcad" ON "properties_commune" ("region_id");
CREATE INDEX IF NOT EXISTS "properties_cellar_property_id_fabcf2b9" ON "properties_cellar" ("property_id");
CREATE INDEX IF NOT EXISTS "properties_apartment_property_id_b78dace9" ON "properties_apartment" ("property_id");
CREATE INDEX IF NOT EXISTS "django_session_expire_date_a5c62663" ON "django_session" ("expire_date");
CREATE INDEX IF NOT EXISTS "properties_publication_owner_id_855dd835" ON "properties_publication" ("owner_id");
CREATE INDEX IF NOT EXISTS "properties_publication_property_id_0ee40f95" ON "properties_publication" ("property_id");
CREATE INDEX IF NOT EXISTS "properties_publication_realtor_id_2ed80779" ON "properties_publication" ("realtor_id");
CREATE INDEX IF NOT EXISTS "properties_publication_user_id_01528e25" ON "properties_publication" ("user_id");
CREATE UNIQUE INDEX "properties_publication_views_publication_id_ipvisitor_id_01380f72_uniq" ON "properties_publication_views" ("publication_id", "ipvisitor_id");
CREATE INDEX IF NOT EXISTS "properties_publication_views_publication_id_2f3e43dc" ON "properties_publication_views" ("publication_id");
CREATE INDEX IF NOT EXISTS "properties_publication_views_ipvisitor_id_5a957899" ON "properties_publication_views" ("ipvisitor_id");
CREATE TABLE IF NOT EXISTS "newsletters_newsletter" ("id" integer NOT NULL PRIMARY KEY AUTOINCREMENT, "created" datetime NOT NULL, "modified" datetime NOT NULL, "name" varchar(250) NOT NULL, "subject" varchar(250) NOT NULL, "body" text NOT NULL, "status" varchar(2) NOT NULL);
CREATE UNIQUE INDEX "django_content_type_app_label_model_76bd3d3b_uniq" ON "django_content_type" ("app_label", "model");
CREATE UNIQUE INDEX "auth_group_permissions_group_id_permission_id_0cd325b0_uniq" ON "auth_group_permissions" ("group_id", "permission_id");
CREATE INDEX IF NOT EXISTS "auth_group_permissions_group_id_b120cbf9" ON "auth_group_permissions" ("group_id");
CREATE INDEX IF NOT EXISTS "auth_group_permissions_permission_id_84c5c92e" ON "auth_group_permissions" ("permission_id");
CREATE UNIQUE INDEX "auth_permission_content_type_id_codename_01ab375a_uniq" ON "auth_permission" ("content_type_id", "codename");
CREATE INDEX IF NOT EXISTS "auth_permission_content_type_id_2f476e4b" ON "auth_permission" ("content_type_id");
CREATE UNIQUE INDEX "accounts_customuser_groups_customuser_id_group_id_c074bdcb_uniq" ON "accounts_customuser_groups" ("customuser_id", "group_id");
CREATE INDEX IF NOT EXISTS "accounts_customuser_groups_customuser_id_bc55088e" ON "accounts_customuser_groups" ("customuser_id");
CREATE INDEX IF NOT EXISTS "accounts_customuser_groups_group_id_86ba5f9e" ON "accounts_customuser_groups" ("group_id");
CREATE UNIQUE INDEX "accounts_customuser_user_permissions_customuser_id_permission_id_9632a709_uniq" ON "accounts_customuser_user_permissions" ("customuser_id", "permission_id");
CREATE INDEX IF NOT EXISTS "accounts_customuser_user_permissions_customuser_id_0deaefae" ON "accounts_customuser_user_permissions" ("customuser_id");
CREATE INDEX IF NOT EXISTS "accounts_customuser_user_permissions_permission_id_aea3d0e5" ON "accounts_customuser_user_permissions" ("permission_id");
CREATE INDEX IF NOT EXISTS "django_admin_log_content_type_id_c4bce8eb" ON "django_admin_log" ("content_type_id");
CREATE INDEX IF NOT EXISTS "django_admin_log_user_id_c564eba6" ON "django_admin_log" ("user_id");
CREATE UNIQUE INDEX "newsletters_newsletter_email_newsletter_id_newsletteruser_id_729391df_uniq" ON "newsletters_newsletter_email" ("newsletter_id", "newsletteruser_id");
CREATE INDEX IF NOT EXISTS "newsletters_newsletter_email_newsletter_id_86f76210" ON "newsletters_newsletter_email" ("newsletter_id");
CREATE INDEX IF NOT EXISTS "newsletters_newsletter_email_newsletteruser_id_c7b00502" ON "newsletters_newsletter_email" ("newsletteruser_id");
CREATE INDEX IF NOT EXISTS "properties_urbansite_property_id_0f9e3592" ON "properties_urbansite" ("property_id");
CREATE INDEX IF NOT EXISTS "properties_shop_property_id_10ac3c0d" ON "properties_shop" ("property_id");
CREATE INDEX IF NOT EXISTS "properties_propertyimage_property_id_883194e7" ON "properties_propertyimage" ("property_id");
CREATE INDEX IF NOT EXISTS "properties_propertycontact_property_id_49ac3914" ON "properties_propertycontact" ("property_id");
CREATE INDEX IF NOT EXISTS "properties_property_commune_id_948414dc" ON "properties_property" ("commune_id");
CREATE INDEX IF NOT EXISTS "properties_property_region_id_bdc9e684" ON "properties_property" ("region_id");
CREATE INDEX IF NOT EXISTS "properties_property_user_id_d65e9a67" ON "properties_property" ("user_id");
CREATE INDEX IF NOT EXISTS "properties_parcel_property_id_3ce4d875" ON "properties_parcel" ("property_id");
CREATE INDEX IF NOT EXISTS "properties_office_property_id_02ceab57" ON "properties_office" ("property_id");
CREATE INDEX IF NOT EXISTS "properties_industrial_property_id_ceb76305" ON "properties_industrial" ("property_id");
CREATE INDEX IF NOT EXISTS "properties_house_property_id_cd7f08ea" ON "properties_house" ("property_id");
CREATE INDEX IF NOT EXISTS "properties_commune_location_slug_e136a79f" ON "properties_commune" ("location_slug");
CREATE INDEX IF NOT EXISTS "properties_commune_region_id_5570bcad" ON "properties_commune" ("region_id");
CREATE INDEX IF NOT EXISTS "properties_cellar_property_id_fabcf2b9" ON "properties_cellar" ("property_id");
CREATE INDEX IF NOT EXISTS "properties_apartment_property_id_b78dace9" ON "properties_apartment" ("property_id");
CREATE INDEX IF NOT EXISTS "django_session_expire_date_a5c62663" ON "django_session" ("expire_date");
CREATE INDEX IF NOT EXISTS "properties_publication_owner_id_855dd835" ON "properties_publication" ("owner_id");
CREATE INDEX IF NOT EXISTS "properties_publication_property_id_0ee40f95" ON "properties_publication" ("property_id");
CREATE INDEX IF NOT EXISTS "properties_publication_realtor_id_2ed80779" ON "properties_publication" ("realtor_id");
CREATE INDEX IF NOT EXISTS "properties_publication_user_id_01528e25" ON "properties_publication" ("user_id");
CREATE UNIQUE INDEX "properties_publication_views_publication_id_ipvisitor_id_01380f72_uniq" ON "properties_publication_views" ("publication_id", "ipvisitor_id");
CREATE INDEX IF NOT EXISTS "properties_publication_views_publication_id_2f3e43dc" ON "properties_publication_views" ("publication_id");
CREATE INDEX IF NOT EXISTS "properties_publication_views_ipvisitor_id_5a957899" ON "properties_publication_views" ("ipvisitor_id");
CREATE TABLE IF NOT EXISTS "newsletters_newsletter_email" ("id" integer NOT NULL PRIMARY KEY AUTOINCREMENT, "newsletter_id" bigint NOT NULL REFERENCES "newsletters_newsletter" ("id") DEFERRABLE INITIALLY DEFERRED, "newsletteruser_id" bigint NOT NULL REFERENCES "newsletters_newsletteruser" ("id") DEFERRABLE INITIALLY DEFERRED);
CREATE UNIQUE INDEX "django_content_type_app_label_model_76bd3d3b_uniq" ON "django_content_type" ("app_label", "model");
CREATE UNIQUE INDEX "auth_group_permissions_group_id_permission_id_0cd325b0_uniq" ON "auth_group_permissions" ("group_id", "permission_id");
CREATE INDEX IF NOT EXISTS "auth_group_permissions_group_id_b120cbf9" ON "auth_group_permissions" ("group_id");
CREATE INDEX IF NOT EXISTS "auth_group_permissions_permission_id_84c5c92e" ON "auth_group_permissions" ("permission_id");
CREATE UNIQUE INDEX "auth_permission_content_type_id_codename_01ab375a_uniq" ON "auth_permission" ("content_type_id", "codename");
CREATE INDEX IF NOT EXISTS "auth_permission_content_type_id_2f476e4b" ON "auth_permission" ("content_type_id");
CREATE UNIQUE INDEX "accounts_customuser_groups_customuser_id_group_id_c074bdcb_uniq" ON "accounts_customuser_groups" ("customuser_id", "group_id");
CREATE INDEX IF NOT EXISTS "accounts_customuser_groups_customuser_id_bc55088e" ON "accounts_customuser_groups" ("customuser_id");
CREATE INDEX IF NOT EXISTS "accounts_customuser_groups_group_id_86ba5f9e" ON "accounts_customuser_groups" ("group_id");
CREATE UNIQUE INDEX "accounts_customuser_user_permissions_customuser_id_permission_id_9632a709_uniq" ON "accounts_customuser_user_permissions" ("customuser_id", "permission_id");
CREATE INDEX IF NOT EXISTS "accounts_customuser_user_permissions_customuser_id_0deaefae" ON "accounts_customuser_user_permissions" ("customuser_id");
CREATE INDEX IF NOT EXISTS "accounts_customuser_user_permissions_permission_id_aea3d0e5" ON "accounts_customuser_user_permissions" ("permission_id");
CREATE INDEX IF NOT EXISTS "django_admin_log_content_type_id_c4bce8eb" ON "django_admin_log" ("content_type_id");
CREATE INDEX IF NOT EXISTS "django_admin_log_user_id_c564eba6" ON "django_admin_log" ("user_id");
CREATE UNIQUE INDEX "newsletters_newsletter_email_newsletter_id_newsletteruser_id_729391df_uniq" ON "newsletters_newsletter_email" ("newsletter_id", "newsletteruser_id");
CREATE INDEX IF NOT EXISTS "newsletters_newsletter_email_newsletter_id_86f76210" ON "newsletters_newsletter_email" ("newsletter_id");
CREATE INDEX IF NOT EXISTS "newsletters_newsletter_email_newsletteruser_id_c7b00502" ON "newsletters_newsletter_email" ("newsletteruser_id");
CREATE INDEX IF NOT EXISTS "properties_urbansite_property_id_0f9e3592" ON "properties_urbansite" ("property_id");
CREATE INDEX IF NOT EXISTS "properties_shop_property_id_10ac3c0d" ON "properties_shop" ("property_id");
CREATE INDEX IF NOT EXISTS "properties_propertyimage_property_id_883194e7" ON "properties_propertyimage" ("property_id");
CREATE INDEX IF NOT EXISTS "properties_propertycontact_property_id_49ac3914" ON "properties_propertycontact" ("property_id");
CREATE INDEX IF NOT EXISTS "properties_property_commune_id_948414dc" ON "properties_property" ("commune_id");
CREATE INDEX IF NOT EXISTS "properties_property_region_id_bdc9e684" ON "properties_property" ("region_id");
CREATE INDEX IF NOT EXISTS "properties_property_user_id_d65e9a67" ON "properties_property" ("user_id");
CREATE INDEX IF NOT EXISTS "properties_parcel_property_id_3ce4d875" ON "properties_parcel" ("property_id");
CREATE INDEX IF NOT EXISTS "properties_office_property_id_02ceab57" ON "properties_office" ("property_id");
CREATE INDEX IF NOT EXISTS "properties_industrial_property_id_ceb76305" ON "properties_industrial" ("property_id");
CREATE INDEX IF NOT EXISTS "properties_house_property_id_cd7f08ea" ON "properties_house" ("property_id");
CREATE INDEX IF NOT EXISTS "properties_commune_location_slug_e136a79f" ON "properties_commune" ("location_slug");
CREATE INDEX IF NOT EXISTS "properties_commune_region_id_5570bcad" ON "properties_commune" ("region_id");
CREATE INDEX IF NOT EXISTS "properties_cellar_property_id_fabcf2b9" ON "properties_cellar" ("property_id");
CREATE INDEX IF NOT EXISTS "properties_apartment_property_id_b78dace9" ON "properties_apartment" ("property_id");
CREATE INDEX IF NOT EXISTS "django_session_expire_date_a5c62663" ON "django_session" ("expire_date");
CREATE INDEX IF NOT EXISTS "properties_publication_owner_id_855dd835" ON "properties_publication" ("owner_id");
CREATE INDEX IF NOT EXISTS "properties_publication_property_id_0ee40f95" ON "properties_publication" ("property_id");
CREATE INDEX IF NOT EXISTS "properties_publication_realtor_id_2ed80779" ON "properties_publication" ("realtor_id");
CREATE INDEX IF NOT EXISTS "properties_publication_user_id_01528e25" ON "properties_publication" ("user_id");
CREATE UNIQUE INDEX "properties_publication_views_publication_id_ipvisitor_id_01380f72_uniq" ON "properties_publication_views" ("publication_id", "ipvisitor_id");
CREATE INDEX IF NOT EXISTS "properties_publication_views_publication_id_2f3e43dc" ON "properties_publication_views" ("publication_id");
CREATE INDEX IF NOT EXISTS "properties_publication_views_ipvisitor_id_5a957899" ON "properties_publication_views" ("ipvisitor_id");
CREATE TABLE IF NOT EXISTS "newsletters_newsletteruser" ("id" integer NOT NULL PRIMARY KEY AUTOINCREMENT, "created" datetime NOT NULL, "modified" datetime NOT NULL, "email" varchar(254) NOT NULL UNIQUE);
CREATE UNIQUE INDEX "django_content_type_app_label_model_76bd3d3b_uniq" ON "django_content_type" ("app_label", "model");
CREATE UNIQUE INDEX "auth_group_permissions_group_id_permission_id_0cd325b0_uniq" ON "auth_group_permissions" ("group_id", "permission_id");
CREATE INDEX IF NOT EXISTS "auth_group_permissions_group_id_b120cbf9" ON "auth_group_permissions" ("group_id");
CREATE INDEX IF NOT EXISTS "auth_group_permissions_permission_id_84c5c92e" ON "auth_group_permissions" ("permission_id");
CREATE UNIQUE INDEX "auth_permission_content_type_id_codename_01ab375a_uniq" ON "auth_permission" ("content_type_id", "codename");
CREATE INDEX IF NOT EXISTS "auth_permission_content_type_id_2f476e4b" ON "auth_permission" ("content_type_id");
CREATE UNIQUE INDEX "accounts_customuser_groups_customuser_id_group_id_c074bdcb_uniq" ON "accounts_customuser_groups" ("customuser_id", "group_id");
CREATE INDEX IF NOT EXISTS "accounts_customuser_groups_customuser_id_bc55088e" ON "accounts_customuser_groups" ("customuser_id");
CREATE INDEX IF NOT EXISTS "accounts_customuser_groups_group_id_86ba5f9e" ON "accounts_customuser_groups" ("group_id");
CREATE UNIQUE INDEX "accounts_customuser_user_permissions_customuser_id_permission_id_9632a709_uniq" ON "accounts_customuser_user_permissions" ("customuser_id", "permission_id");
CREATE INDEX IF NOT EXISTS "accounts_customuser_user_permissions_customuser_id_0deaefae" ON "accounts_customuser_user_permissions" ("customuser_id");
CREATE INDEX IF NOT EXISTS "accounts_customuser_user_permissions_permission_id_aea3d0e5" ON "accounts_customuser_user_permissions" ("permission_id");
CREATE INDEX IF NOT EXISTS "django_admin_log_content_type_id_c4bce8eb" ON "django_admin_log" ("content_type_id");
CREATE INDEX IF NOT EXISTS "django_admin_log_user_id_c564eba6" ON "django_admin_log" ("user_id");
CREATE UNIQUE INDEX "newsletters_newsletter_email_newsletter_id_newsletteruser_id_729391df_uniq" ON "newsletters_newsletter_email" ("newsletter_id", "newsletteruser_id");
CREATE INDEX IF NOT EXISTS "newsletters_newsletter_email_newsletter_id_86f76210" ON "newsletters_newsletter_email" ("newsletter_id");
CREATE INDEX IF NOT EXISTS "newsletters_newsletter_email_newsletteruser_id_c7b00502" ON "newsletters_newsletter_email" ("newsletteruser_id");
CREATE INDEX IF NOT EXISTS "properties_urbansite_property_id_0f9e3592" ON "properties_urbansite" ("property_id");
CREATE INDEX IF NOT EXISTS "properties_shop_property_id_10ac3c0d" ON "properties_shop" ("property_id");
CREATE INDEX IF NOT EXISTS "properties_propertyimage_property_id_883194e7" ON "properties_propertyimage" ("property_id");
CREATE INDEX IF NOT EXISTS "properties_propertycontact_property_id_49ac3914" ON "properties_propertycontact" ("property_id");
CREATE INDEX IF NOT EXISTS "properties_property_commune_id_948414dc" ON "properties_property" ("commune_id");
CREATE INDEX IF NOT EXISTS "properties_property_region_id_bdc9e684" ON "properties_property" ("region_id");
CREATE INDEX IF NOT EXISTS "properties_property_user_id_d65e9a67" ON "properties_property" ("user_id");
CREATE INDEX IF NOT EXISTS "properties_parcel_property_id_3ce4d875" ON "properties_parcel" ("property_id");
CREATE INDEX IF NOT EXISTS "properties_office_property_id_02ceab57" ON "properties_office" ("property_id");
CREATE INDEX IF NOT EXISTS "properties_industrial_property_id_ceb76305" ON "properties_industrial" ("property_id");
CREATE INDEX IF NOT EXISTS "properties_house_property_id_cd7f08ea" ON "properties_house" ("property_id");
CREATE INDEX IF NOT EXISTS "properties_commune_location_slug_e136a79f" ON "properties_commune" ("location_slug");
CREATE INDEX IF NOT EXISTS "properties_commune_region_id_5570bcad" ON "properties_commune" ("region_id");
CREATE INDEX IF NOT EXISTS "properties_cellar_property_id_fabcf2b9" ON "properties_cellar" ("property_id");
CREATE INDEX IF NOT EXISTS "properties_apartment_property_id_b78dace9" ON "properties_apartment" ("property_id");
CREATE INDEX IF NOT EXISTS "django_session_expire_date_a5c62663" ON "django_session" ("expire_date");
CREATE INDEX IF NOT EXISTS "properties_publication_owner_id_855dd835" ON "properties_publication" ("owner_id");
CREATE INDEX IF NOT EXISTS "properties_publication_property_id_0ee40f95" ON "properties_publication" ("property_id");
CREATE INDEX IF NOT EXISTS "properties_publication_realtor_id_2ed80779" ON "properties_publication" ("realtor_id");
CREATE INDEX IF NOT EXISTS "properties_publication_user_id_01528e25" ON "properties_publication" ("user_id");
CREATE UNIQUE INDEX "properties_publication_views_publication_id_ipvisitor_id_01380f72_uniq" ON "properties_publication_views" ("publication_id", "ipvisitor_id");
CREATE INDEX IF NOT EXISTS "properties_publication_views_publication_id_2f3e43dc" ON "properties_publication_views" ("publication_id");
CREATE INDEX IF NOT EXISTS "properties_publication_views_ipvisitor_id_5a957899" ON "properties_publication_views" ("ipvisitor_id");
CREATE TABLE IF NOT EXISTS "pages_contact" ("id" integer NOT NULL PRIMARY KEY AUTOINCREMENT, "state" bool NOT NULL, "created" date NOT NULL, "modified" date NOT NULL, "name" varchar(200) NOT NULL, "from_email" varchar(50) NOT NULL, "phone" varchar(9) NOT NULL, "message" text NOT NULL, "category" varchar(15) NOT NULL, "subject" varchar(50) NOT NULL);
CREATE UNIQUE INDEX "django_content_type_app_label_model_76bd3d3b_uniq" ON "django_content_type" ("app_label", "model");
CREATE UNIQUE INDEX "auth_group_permissions_group_id_permission_id_0cd325b0_uniq" ON "auth_group_permissions" ("group_id", "permission_id");
CREATE INDEX IF NOT EXISTS "auth_group_permissions_group_id_b120cbf9" ON "auth_group_permissions" ("group_id");
CREATE INDEX IF NOT EXISTS "auth_group_permissions_permission_id_84c5c92e" ON "auth_group_permissions" ("permission_id");
CREATE UNIQUE INDEX "auth_permission_content_type_id_codename_01ab375a_uniq" ON "auth_permission" ("content_type_id", "codename");
CREATE INDEX IF NOT EXISTS "auth_permission_content_type_id_2f476e4b" ON "auth_permission" ("content_type_id");
CREATE UNIQUE INDEX "accounts_customuser_groups_customuser_id_group_id_c074bdcb_uniq" ON "accounts_customuser_groups" ("customuser_id", "group_id");
CREATE INDEX IF NOT EXISTS "accounts_customuser_groups_customuser_id_bc55088e" ON "accounts_customuser_groups" ("customuser_id");
CREATE INDEX IF NOT EXISTS "accounts_customuser_groups_group_id_86ba5f9e" ON "accounts_customuser_groups" ("group_id");
CREATE UNIQUE INDEX "accounts_customuser_user_permissions_customuser_id_permission_id_9632a709_uniq" ON "accounts_customuser_user_permissions" ("customuser_id", "permission_id");
CREATE INDEX IF NOT EXISTS "accounts_customuser_user_permissions_customuser_id_0deaefae" ON "accounts_customuser_user_permissions" ("customuser_id");
CREATE INDEX IF NOT EXISTS "accounts_customuser_user_permissions_permission_id_aea3d0e5" ON "accounts_customuser_user_permissions" ("permission_id");
CREATE INDEX IF NOT EXISTS "django_admin_log_content_type_id_c4bce8eb" ON "django_admin_log" ("content_type_id");
CREATE INDEX IF NOT EXISTS "django_admin_log_user_id_c564eba6" ON "django_admin_log" ("user_id");
CREATE UNIQUE INDEX "newsletters_newsletter_email_newsletter_id_newsletteruser_id_729391df_uniq" ON "newsletters_newsletter_email" ("newsletter_id", "newsletteruser_id");
CREATE INDEX IF NOT EXISTS "newsletters_newsletter_email_newsletter_id_86f76210" ON "newsletters_newsletter_email" ("newsletter_id");
CREATE INDEX IF NOT EXISTS "newsletters_newsletter_email_newsletteruser_id_c7b00502" ON "newsletters_newsletter_email" ("newsletteruser_id");
CREATE INDEX IF NOT EXISTS "properties_urbansite_property_id_0f9e3592" ON "properties_urbansite" ("property_id");
CREATE INDEX IF NOT EXISTS "properties_shop_property_id_10ac3c0d" ON "properties_shop" ("property_id");
CREATE INDEX IF NOT EXISTS "properties_propertyimage_property_id_883194e7" ON "properties_propertyimage" ("property_id");
CREATE INDEX IF NOT EXISTS "properties_propertycontact_property_id_49ac3914" ON "properties_propertycontact" ("property_id");
CREATE INDEX IF NOT EXISTS "properties_property_commune_id_948414dc" ON "properties_property" ("commune_id");
CREATE INDEX IF NOT EXISTS "properties_property_region_id_bdc9e684" ON "properties_property" ("region_id");
CREATE INDEX IF NOT EXISTS "properties_property_user_id_d65e9a67" ON "properties_property" ("user_id");
CREATE INDEX IF NOT EXISTS "properties_parcel_property_id_3ce4d875" ON "properties_parcel" ("property_id");
CREATE INDEX IF NOT EXISTS "properties_office_property_id_02ceab57" ON "properties_office" ("property_id");
CREATE INDEX IF NOT EXISTS "properties_industrial_property_id_ceb76305" ON "properties_industrial" ("property_id");
CREATE INDEX IF NOT EXISTS "properties_house_property_id_cd7f08ea" ON "properties_house" ("property_id");
CREATE INDEX IF NOT EXISTS "properties_commune_location_slug_e136a79f" ON "properties_commune" ("location_slug");
CREATE INDEX IF NOT EXISTS "properties_commune_region_id_5570bcad" ON "properties_commune" ("region_id");
CREATE INDEX IF NOT EXISTS "properties_cellar_property_id_fabcf2b9" ON "properties_cellar" ("property_id");
CREATE INDEX IF NOT EXISTS "properties_apartment_property_id_b78dace9" ON "properties_apartment" ("property_id");
CREATE INDEX IF NOT EXISTS "django_session_expire_date_a5c62663" ON "django_session" ("expire_date");
CREATE INDEX IF NOT EXISTS "properties_publication_owner_id_855dd835" ON "properties_publication" ("owner_id");
CREATE INDEX IF NOT EXISTS "properties_publication_property_id_0ee40f95" ON "properties_publication" ("property_id");
CREATE INDEX IF NOT EXISTS "properties_publication_realtor_id_2ed80779" ON "properties_publication" ("realtor_id");
CREATE INDEX IF NOT EXISTS "properties_publication_user_id_01528e25" ON "properties_publication" ("user_id");
CREATE UNIQUE INDEX "properties_publication_views_publication_id_ipvisitor_id_01380f72_uniq" ON "properties_publication_views" ("publication_id", "ipvisitor_id");
CREATE INDEX IF NOT EXISTS "properties_publication_views_publication_id_2f3e43dc" ON "properties_publication_views" ("publication_id");
CREATE INDEX IF NOT EXISTS "properties_publication_views_ipvisitor_id_5a957899" ON "properties_publication_views" ("ipvisitor_id");
CREATE TABLE IF NOT EXISTS "pages_ownercontact" ("id" integer NOT NULL PRIMARY KEY AUTOINCREMENT, "state" bool NOT NULL, "created" date NOT NULL, "modified" date NOT NULL, "name" varchar(200) NOT NULL, "from_email" varchar(50) NOT NULL, "subject" varchar(50) NOT NULL, "phone" varchar(9) NOT NULL, "message" text NOT NULL);
CREATE UNIQUE INDEX "django_content_type_app_label_model_76bd3d3b_uniq" ON "django_content_type" ("app_label", "model");
CREATE UNIQUE INDEX "auth_group_permissions_group_id_permission_id_0cd325b0_uniq" ON "auth_group_permissions" ("group_id", "permission_id");
CREATE INDEX IF NOT EXISTS "auth_group_permissions_group_id_b120cbf9" ON "auth_group_permissions" ("group_id");
CREATE INDEX IF NOT EXISTS "auth_group_permissions_permission_id_84c5c92e" ON "auth_group_permissions" ("permission_id");
CREATE UNIQUE INDEX "auth_permission_content_type_id_codename_01ab375a_uniq" ON "auth_permission" ("content_type_id", "codename");
CREATE INDEX IF NOT EXISTS "auth_permission_content_type_id_2f476e4b" ON "auth_permission" ("content_type_id");
CREATE UNIQUE INDEX "accounts_customuser_groups_customuser_id_group_id_c074bdcb_uniq" ON "accounts_customuser_groups" ("customuser_id", "group_id");
CREATE INDEX IF NOT EXISTS "accounts_customuser_groups_customuser_id_bc55088e" ON "accounts_customuser_groups" ("customuser_id");
CREATE INDEX IF NOT EXISTS "accounts_customuser_groups_group_id_86ba5f9e" ON "accounts_customuser_groups" ("group_id");
CREATE UNIQUE INDEX "accounts_customuser_user_permissions_customuser_id_permission_id_9632a709_uniq" ON "accounts_customuser_user_permissions" ("customuser_id", "permission_id");
CREATE INDEX IF NOT EXISTS "accounts_customuser_user_permissions_customuser_id_0deaefae" ON "accounts_customuser_user_permissions" ("customuser_id");
CREATE INDEX IF NOT EXISTS "accounts_customuser_user_permissions_permission_id_aea3d0e5" ON "accounts_customuser_user_permissions" ("permission_id");
CREATE INDEX IF NOT EXISTS "django_admin_log_content_type_id_c4bce8eb" ON "django_admin_log" ("content_type_id");
CREATE INDEX IF NOT EXISTS "django_admin_log_user_id_c564eba6" ON "django_admin_log" ("user_id");
CREATE UNIQUE INDEX "newsletters_newsletter_email_newsletter_id_newsletteruser_id_729391df_uniq" ON "newsletters_newsletter_email" ("newsletter_id", "newsletteruser_id");
CREATE INDEX IF NOT EXISTS "newsletters_newsletter_email_newsletter_id_86f76210" ON "newsletters_newsletter_email" ("newsletter_id");
CREATE INDEX IF NOT EXISTS "newsletters_newsletter_email_newsletteruser_id_c7b00502" ON "newsletters_newsletter_email" ("newsletteruser_id");
CREATE INDEX IF NOT EXISTS "properties_urbansite_property_id_0f9e3592" ON "properties_urbansite" ("property_id");
CREATE INDEX IF NOT EXISTS "properties_shop_property_id_10ac3c0d" ON "properties_shop" ("property_id");
CREATE INDEX IF NOT EXISTS "properties_propertyimage_property_id_883194e7" ON "properties_propertyimage" ("property_id");
CREATE INDEX IF NOT EXISTS "properties_propertycontact_property_id_49ac3914" ON "properties_propertycontact" ("property_id");
CREATE INDEX IF NOT EXISTS "properties_property_commune_id_948414dc" ON "properties_property" ("commune_id");
CREATE INDEX IF NOT EXISTS "properties_property_region_id_bdc9e684" ON "properties_property" ("region_id");
CREATE INDEX IF NOT EXISTS "properties_property_user_id_d65e9a67" ON "properties_property" ("user_id");
CREATE INDEX IF NOT EXISTS "properties_parcel_property_id_3ce4d875" ON "properties_parcel" ("property_id");
CREATE INDEX IF NOT EXISTS "properties_office_property_id_02ceab57" ON "properties_office" ("property_id");
CREATE INDEX IF NOT EXISTS "properties_industrial_property_id_ceb76305" ON "properties_industrial" ("property_id");
CREATE INDEX IF NOT EXISTS "properties_house_property_id_cd7f08ea" ON "properties_house" ("property_id");
CREATE INDEX IF NOT EXISTS "properties_commune_location_slug_e136a79f" ON "properties_commune" ("location_slug");
CREATE INDEX IF NOT EXISTS "properties_commune_region_id_5570bcad" ON "properties_commune" ("region_id");
CREATE INDEX IF NOT EXISTS "properties_cellar_property_id_fabcf2b9" ON "properties_cellar" ("property_id");
CREATE INDEX IF NOT EXISTS "properties_apartment_property_id_b78dace9" ON "properties_apartment" ("property_id");
CREATE INDEX IF NOT EXISTS "django_session_expire_date_a5c62663" ON "django_session" ("expire_date");
CREATE INDEX IF NOT EXISTS "properties_publication_owner_id_855dd835" ON "properties_publication" ("owner_id");
CREATE INDEX IF NOT EXISTS "properties_publication_property_id_0ee40f95" ON "properties_publication" ("property_id");
CREATE INDEX IF NOT EXISTS "properties_publication_realtor_id_2ed80779" ON "properties_publication" ("realtor_id");
CREATE INDEX IF NOT EXISTS "properties_publication_user_id_01528e25" ON "properties_publication" ("user_id");
CREATE UNIQUE INDEX "properties_publication_views_publication_id_ipvisitor_id_01380f72_uniq" ON "properties_publication_views" ("publication_id", "ipvisitor_id");
CREATE INDEX IF NOT EXISTS "properties_publication_views_publication_id_2f3e43dc" ON "properties_publication_views" ("publication_id");
CREATE INDEX IF NOT EXISTS "properties_publication_views_ipvisitor_id_5a957899" ON "properties_publication_views" ("ipvisitor_id");
CREATE TABLE IF NOT EXISTS "properties_apartment" ("id" integer NOT NULL PRIMARY KEY AUTOINCREMENT, "state" bool NOT NULL, "created" date NOT NULL, "modified" date NOT NULL, "land_surface" integer unsigned NULL CHECK ("land_surface" >= 0), "builded_surface" integer unsigned NOT NULL CHECK ("builded_surface" >= 0), "num_rooms" varchar(2) NOT NULL, "num_bathrooms" varchar(2) NOT NULL, "num_parkings" varchar(2) NULL, "num_apartment" varchar(20) NOT NULL, "builded_year" integer unsigned NULL CHECK ("builded_year" >= 0), "distribution" varchar(250) NOT NULL, "service" varchar(250) NOT NULL, "kitchen" varchar(250) NOT NULL, "other" varchar(250) NOT NULL, "property_id" bigint NULL REFERENCES "properties_property" ("id") DEFERRABLE INITIALLY DEFERRED);
CREATE UNIQUE INDEX "django_content_type_app_label_model_76bd3d3b_uniq" ON "django_content_type" ("app_label", "model");
CREATE UNIQUE INDEX "auth_group_permissions_group_id_permission_id_0cd325b0_uniq" ON "auth_group_permissions" ("group_id", "permission_id");
CREATE INDEX IF NOT EXISTS "auth_group_permissions_group_id_b120cbf9" ON "auth_group_permissions" ("group_id");
CREATE INDEX IF NOT EXISTS "auth_group_permissions_permission_id_84c5c92e" ON "auth_group_permissions" ("permission_id");
CREATE UNIQUE INDEX "auth_permission_content_type_id_codename_01ab375a_uniq" ON "auth_permission" ("content_type_id", "codename");
CREATE INDEX IF NOT EXISTS "auth_permission_content_type_id_2f476e4b" ON "auth_permission" ("content_type_id");
CREATE UNIQUE INDEX "accounts_customuser_groups_customuser_id_group_id_c074bdcb_uniq" ON "accounts_customuser_groups" ("customuser_id", "group_id");
CREATE INDEX IF NOT EXISTS "accounts_customuser_groups_customuser_id_bc55088e" ON "accounts_customuser_groups" ("customuser_id");
CREATE INDEX IF NOT EXISTS "accounts_customuser_groups_group_id_86ba5f9e" ON "accounts_customuser_groups" ("group_id");
CREATE UNIQUE INDEX "accounts_customuser_user_permissions_customuser_id_permission_id_9632a709_uniq" ON "accounts_customuser_user_permissions" ("customuser_id", "permission_id");
CREATE INDEX IF NOT EXISTS "accounts_customuser_user_permissions_customuser_id_0deaefae" ON "accounts_customuser_user_permissions" ("customuser_id");
CREATE INDEX IF NOT EXISTS "accounts_customuser_user_permissions_permission_id_aea3d0e5" ON "accounts_customuser_user_permissions" ("permission_id");
CREATE INDEX IF NOT EXISTS "django_admin_log_content_type_id_c4bce8eb" ON "django_admin_log" ("content_type_id");
CREATE INDEX IF NOT EXISTS "django_admin_log_user_id_c564eba6" ON "django_admin_log" ("user_id");
CREATE UNIQUE INDEX "newsletters_newsletter_email_newsletter_id_newsletteruser_id_729391df_uniq" ON "newsletters_newsletter_email" ("newsletter_id", "newsletteruser_id");
CREATE INDEX IF NOT EXISTS "newsletters_newsletter_email_newsletter_id_86f76210" ON "newsletters_newsletter_email" ("newsletter_id");
CREATE INDEX IF NOT EXISTS "newsletters_newsletter_email_newsletteruser_id_c7b00502" ON "newsletters_newsletter_email" ("newsletteruser_id");
CREATE INDEX IF NOT EXISTS "properties_urbansite_property_id_0f9e3592" ON "properties_urbansite" ("property_id");
CREATE INDEX IF NOT EXISTS "properties_shop_property_id_10ac3c0d" ON "properties_shop" ("property_id");
CREATE INDEX IF NOT EXISTS "properties_propertyimage_property_id_883194e7" ON "properties_propertyimage" ("property_id");
CREATE INDEX IF NOT EXISTS "properties_propertycontact_property_id_49ac3914" ON "properties_propertycontact" ("property_id");
CREATE INDEX IF NOT EXISTS "properties_property_commune_id_948414dc" ON "properties_property" ("commune_id");
CREATE INDEX IF NOT EXISTS "properties_property_region_id_bdc9e684" ON "properties_property" ("region_id");
CREATE INDEX IF NOT EXISTS "properties_property_user_id_d65e9a67" ON "properties_property" ("user_id");
CREATE INDEX IF NOT EXISTS "properties_parcel_property_id_3ce4d875" ON "properties_parcel" ("property_id");
CREATE INDEX IF NOT EXISTS "properties_office_property_id_02ceab57" ON "properties_office" ("property_id");
CREATE INDEX IF NOT EXISTS "properties_industrial_property_id_ceb76305" ON "properties_industrial" ("property_id");
CREATE INDEX IF NOT EXISTS "properties_house_property_id_cd7f08ea" ON "properties_house" ("property_id");
CREATE INDEX IF NOT EXISTS "properties_commune_location_slug_e136a79f" ON "properties_commune" ("location_slug");
CREATE INDEX IF NOT EXISTS "properties_commune_region_id_5570bcad" ON "properties_commune" ("region_id");
CREATE INDEX IF NOT EXISTS "properties_cellar_property_id_fabcf2b9" ON "properties_cellar" ("property_id");
CREATE INDEX IF NOT EXISTS "properties_apartment_property_id_b78dace9" ON "properties_apartment" ("property_id");
CREATE INDEX IF NOT EXISTS "django_session_expire_date_a5c62663" ON "django_session" ("expire_date");
CREATE INDEX IF NOT EXISTS "properties_publication_owner_id_855dd835" ON "properties_publication" ("owner_id");
CREATE INDEX IF NOT EXISTS "properties_publication_property_id_0ee40f95" ON "properties_publication" ("property_id");
CREATE INDEX IF NOT EXISTS "properties_publication_realtor_id_2ed80779" ON "properties_publication" ("realtor_id");
CREATE INDEX IF NOT EXISTS "properties_publication_user_id_01528e25" ON "properties_publication" ("user_id");
CREATE UNIQUE INDEX "properties_publication_views_publication_id_ipvisitor_id_01380f72_uniq" ON "properties_publication_views" ("publication_id", "ipvisitor_id");
CREATE INDEX IF NOT EXISTS "properties_publication_views_publication_id_2f3e43dc" ON "properties_publication_views" ("publication_id");
CREATE INDEX IF NOT EXISTS "properties_publication_views_ipvisitor_id_5a957899" ON "properties_publication_views" ("ipvisitor_id");
CREATE TABLE IF NOT EXISTS "properties_cellar" ("id" integer NOT NULL PRIMARY KEY AUTOINCREMENT, "state" bool NOT NULL, "created" date NOT NULL, "modified" date NOT NULL, "land_surface" integer unsigned NOT NULL CHECK ("land_surface" >= 0), "builded_surface" integer unsigned NOT NULL CHECK ("builded_surface" >= 0), "num_enclosures" varchar(2) NOT NULL, "num_bathrooms" varchar(2) NOT NULL, "num_offices" varchar(2) NOT NULL, "num_local" varchar(20) NOT NULL, "property_id" bigint NULL REFERENCES "properties_property" ("id") DEFERRABLE INITIALLY DEFERRED);
CREATE UNIQUE INDEX "django_content_type_app_label_model_76bd3d3b_uniq" ON "django_content_type" ("app_label", "model");
CREATE UNIQUE INDEX "auth_group_permissions_group_id_permission_id_0cd325b0_uniq" ON "auth_group_permissions" ("group_id", "permission_id");
CREATE INDEX IF NOT EXISTS "auth_group_permissions_group_id_b120cbf9" ON "auth_group_permissions" ("group_id");
CREATE INDEX IF NOT EXISTS "auth_group_permissions_permission_id_84c5c92e" ON "auth_group_permissions" ("permission_id");
CREATE UNIQUE INDEX "auth_permission_content_type_id_codename_01ab375a_uniq" ON "auth_permission" ("content_type_id", "codename");
CREATE INDEX IF NOT EXISTS "auth_permission_content_type_id_2f476e4b" ON "auth_permission" ("content_type_id");
CREATE UNIQUE INDEX "accounts_customuser_groups_customuser_id_group_id_c074bdcb_uniq" ON "accounts_customuser_groups" ("customuser_id", "group_id");
CREATE INDEX IF NOT EXISTS "accounts_customuser_groups_customuser_id_bc55088e" ON "accounts_customuser_groups" ("customuser_id");
CREATE INDEX IF NOT EXISTS "accounts_customuser_groups_group_id_86ba5f9e" ON "accounts_customuser_groups" ("group_id");
CREATE UNIQUE INDEX "accounts_customuser_user_permissions_customuser_id_permission_id_9632a709_uniq" ON "accounts_customuser_user_permissions" ("customuser_id", "permission_id");
CREATE INDEX IF NOT EXISTS "accounts_customuser_user_permissions_customuser_id_0deaefae" ON "accounts_customuser_user_permissions" ("customuser_id");
CREATE INDEX IF NOT EXISTS "accounts_customuser_user_permissions_permission_id_aea3d0e5" ON "accounts_customuser_user_permissions" ("permission_id");
CREATE INDEX IF NOT EXISTS "django_admin_log_content_type_id_c4bce8eb" ON "django_admin_log" ("content_type_id");
CREATE INDEX IF NOT EXISTS "django_admin_log_user_id_c564eba6" ON "django_admin_log" ("user_id");
CREATE UNIQUE INDEX "newsletters_newsletter_email_newsletter_id_newsletteruser_id_729391df_uniq" ON "newsletters_newsletter_email" ("newsletter_id", "newsletteruser_id");
CREATE INDEX IF NOT EXISTS "newsletters_newsletter_email_newsletter_id_86f76210" ON "newsletters_newsletter_email" ("newsletter_id");
CREATE INDEX IF NOT EXISTS "newsletters_newsletter_email_newsletteruser_id_c7b00502" ON "newsletters_newsletter_email" ("newsletteruser_id");
CREATE INDEX IF NOT EXISTS "properties_urbansite_property_id_0f9e3592" ON "properties_urbansite" ("property_id");
CREATE INDEX IF NOT EXISTS "properties_shop_property_id_10ac3c0d" ON "properties_shop" ("property_id");
CREATE INDEX IF NOT EXISTS "properties_propertyimage_property_id_883194e7" ON "properties_propertyimage" ("property_id");
CREATE INDEX IF NOT EXISTS "properties_propertycontact_property_id_49ac3914" ON "properties_propertycontact" ("property_id");
CREATE INDEX IF NOT EXISTS "properties_property_commune_id_948414dc" ON "properties_property" ("commune_id");
CREATE INDEX IF NOT EXISTS "properties_property_region_id_bdc9e684" ON "properties_property" ("region_id");
CREATE INDEX IF NOT EXISTS "properties_property_user_id_d65e9a67" ON "properties_property" ("user_id");
CREATE INDEX IF NOT EXISTS "properties_parcel_property_id_3ce4d875" ON "properties_parcel" ("property_id");
CREATE INDEX IF NOT EXISTS "properties_office_property_id_02ceab57" ON "properties_office" ("property_id");
CREATE INDEX IF NOT EXISTS "properties_industrial_property_id_ceb76305" ON "properties_industrial" ("property_id");
CREATE INDEX IF NOT EXISTS "properties_house_property_id_cd7f08ea" ON "properties_house" ("property_id");
CREATE INDEX IF NOT EXISTS "properties_commune_location_slug_e136a79f" ON "properties_commune" ("location_slug");
CREATE INDEX IF NOT EXISTS "properties_commune_region_id_5570bcad" ON "properties_commune" ("region_id");
CREATE INDEX IF NOT EXISTS "properties_cellar_property_id_fabcf2b9" ON "properties_cellar" ("property_id");
CREATE INDEX IF NOT EXISTS "properties_apartment_property_id_b78dace9" ON "properties_apartment" ("property_id");
CREATE INDEX IF NOT EXISTS "django_session_expire_date_a5c62663" ON "django_session" ("expire_date");
CREATE INDEX IF NOT EXISTS "properties_publication_owner_id_855dd835" ON "properties_publication" ("owner_id");
CREATE INDEX IF NOT EXISTS "properties_publication_property_id_0ee40f95" ON "properties_publication" ("property_id");
CREATE INDEX IF NOT EXISTS "properties_publication_realtor_id_2ed80779" ON "properties_publication" ("realtor_id");
CREATE INDEX IF NOT EXISTS "properties_publication_user_id_01528e25" ON "properties_publication" ("user_id");
CREATE UNIQUE INDEX "properties_publication_views_publication_id_ipvisitor_id_01380f72_uniq" ON "properties_publication_views" ("publication_id", "ipvisitor_id");
CREATE INDEX IF NOT EXISTS "properties_publication_views_publication_id_2f3e43dc" ON "properties_publication_views" ("publication_id");
CREATE INDEX IF NOT EXISTS "properties_publication_views_ipvisitor_id_5a957899" ON "properties_publication_views" ("ipvisitor_id");
CREATE TABLE IF NOT EXISTS "properties_commune" ("id" integer NOT NULL PRIMARY KEY AUTOINCREMENT, "state" bool NOT NULL, "created" date NOT NULL, "modified" date NOT NULL, "name" varchar(150) NOT NULL, "location_slug" varchar(50) NOT NULL, "region_id" bigint NOT NULL REFERENCES "properties_region" ("id") DEFERRABLE INITIALLY DEFERRED);
INSERT INTO "properties_commune" VALUES(355,1,'2023-02-24','2023-02-24','Tiltil','tiltil-metropolitana',1);
INSERT INTO "properties_commune" VALUES(356,1,'2023-02-24','2023-02-24','Lampa','lampa-metropolitana',1);
INSERT INTO "properties_commune" VALUES(357,1,'2023-02-24','2023-02-24','Colina','colina-metropolitana',1);
INSERT INTO "properties_commune" VALUES(358,1,'2023-02-24','2023-02-24','San Jos de Maipo','san-jose-de-maipo-metropolitana',1);
INSERT INTO "properties_commune" VALUES(359,1,'2023-02-24','2023-02-24','Puente Alto','puente-alto-metropolitana',1);
INSERT INTO "properties_commune" VALUES(360,1,'2023-02-24','2023-02-24','Pirque','pirque-metropolitana',1);
INSERT INTO "properties_commune" VALUES(361,1,'2023-02-24','2023-02-24','San Bernardo','san-bernardo-metropolitana',1);
INSERT INTO "properties_commune" VALUES(362,1,'2023-02-24','2023-02-24','Paine','paine-metropolitana',1);
INSERT INTO "properties_commune" VALUES(363,1,'2023-02-24','2023-02-24','Calera de Tango','calera-de-tango-metropolitana',1);
INSERT INTO "properties_commune" VALUES(364,1,'2023-02-24','2023-02-24','Buin','buin-metropolitana',1);
INSERT INTO "properties_commune" VALUES(365,1,'2023-02-24','2023-02-24','San Pedro','san-pedro-metropolitana',1);
INSERT INTO "properties_commune" VALUES(366,1,'2023-02-24','2023-02-24','Melipilla','melipilla-metropolitana',1);
INSERT INTO "properties_commune" VALUES(367,1,'2023-02-24','2023-02-24','Mara Pinto','maria-pinto-metropolitana',1);
INSERT INTO "properties_commune" VALUES(368,1,'2023-02-24','2023-02-24','Curacav','curacavi-metropolitana',1);
INSERT INTO "properties_commune" VALUES(369,1,'2023-02-24','2023-02-24','Alhu','alhue-metropolitana',1);
INSERT INTO "properties_commune" VALUES(370,1,'2023-02-24','2023-02-24','Vitacura','vitacura-metropolitana',1);
INSERT INTO "properties_commune" VALUES(371,1,'2023-02-24','2023-02-24','Santiago','santiago-metropolitana',1);
INSERT INTO "properties_commune" VALUES(372,1,'2023-02-24','2023-02-24','San Ramn','san-ramon-metropolitana',1);
INSERT INTO "properties_commune" VALUES(373,1,'2023-02-24','2023-02-24','San Miguel','san-miguel-metropolitana',1);
INSERT INTO "properties_commune" VALUES(374,1,'2023-02-24','2023-02-24','San Joaqun','san-joaquin-metropolitana',1);
INSERT INTO "properties_commune" VALUES(375,1,'2023-02-24','2023-02-24','Renca','renca-metropolitana',1);
INSERT INTO "properties_commune" VALUES(376,1,'2023-02-24','2023-02-24','Recoleta','recoleta-metropolitana',1);
INSERT INTO "properties_commune" VALUES(377,1,'2023-02-24','2023-02-24','Quinta Normal','quinta-normal-metropolitana',1);
INSERT INTO "properties_commune" VALUES(378,1,'2023-02-24','2023-02-24','Quilicura','quilicura-metropolitana',1);
INSERT INTO "properties_commune" VALUES(379,1,'2023-02-24','2023-02-24','Pudahuel','pudahuel-metropolitana',1);
INSERT INTO "properties_commune" VALUES(380,1,'2023-02-24','2023-02-24','Providencia','providencia-metropolitana',1);
INSERT INTO "properties_commune" VALUES(381,1,'2023-02-24','2023-02-24','Pealoln','penalolen-metropolitana',1);
INSERT INTO "properties_commune" VALUES(382,1,'2023-02-24','2023-02-24','Pedro Aguirre Cerda','pedro-aguirre-cerda-metropolitana',1);
INSERT INTO "properties_commune" VALUES(383,1,'2023-02-24','2023-02-24','uoa','nunoa-metropolitana',1);
INSERT INTO "properties_commune" VALUES(384,1,'2023-02-24','2023-02-24','Maip','maipu-metropolitana',1);
INSERT INTO "properties_commune" VALUES(385,1,'2023-02-24','2023-02-24','Macul','macul-metropolitana',1);
INSERT INTO "properties_commune" VALUES(386,1,'2023-02-24','2023-02-24','Lo Prado','lo-prado-metropolitana',1);
INSERT INTO "properties_commune" VALUES(387,1,'2023-02-24','2023-02-24','Lo Espejo','lo-espejo-metropolitana',1);
INSERT INTO "properties_commune" VALUES(388,1,'2023-02-24','2023-02-24','Lo Barnechea','lo-barnechea-metropolitana',1);
INSERT INTO "properties_commune" VALUES(389,1,'2023-02-24','2023-02-24','Las Condes','las-condes-metropolitana',1);
INSERT INTO "properties_commune" VALUES(390,1,'2023-02-24','2023-02-24','La Reina','la-reina-metropolitana',1);
INSERT INTO "properties_commune" VALUES(391,1,'2023-02-24','2023-02-24','La Pintana','la-pintana-metropolitana',1);
INSERT INTO "properties_commune" VALUES(392,1,'2023-02-24','2023-02-24','La Granja','la-granja-metropolitana',1);
INSERT INTO "properties_commune" VALUES(393,1,'2023-02-24','2023-02-24','La Florida','la-florida-metropolitana',1);
INSERT INTO "properties_commune" VALUES(394,1,'2023-02-24','2023-02-24','La Cisterna','la-cisterna-metropolitana',1);
INSERT INTO "properties_commune" VALUES(395,1,'2023-02-24','2023-02-24','Independencia','independencia-metropolitana',1);
INSERT INTO "properties_commune" VALUES(396,1,'2023-02-24','2023-02-24','Huechuraba','huechuraba-metropolitana',1);
INSERT INTO "properties_commune" VALUES(397,1,'2023-02-24','2023-02-24','Estacin Central','estacion-central-metropolitana',1);
INSERT INTO "properties_commune" VALUES(398,1,'2023-02-24','2023-02-24','El Bosque','el-bosque-metropolitana',1);
INSERT INTO "properties_commune" VALUES(399,1,'2023-02-24','2023-02-24','Conchal','conchali-metropolitana',1);
INSERT INTO "properties_commune" VALUES(400,1,'2023-02-24','2023-02-24','Cerro Navia','cerro-navia-metropolitana',1);
INSERT INTO "properties_commune" VALUES(401,1,'2023-02-24','2023-02-24','Cerrillos','cerrillos-metropolitana',1);
INSERT INTO "properties_commune" VALUES(402,1,'2023-02-24','2023-02-24','Talagante','talagante-metropolitana',1);
INSERT INTO "properties_commune" VALUES(403,1,'2023-02-24','2023-02-24','Peaflor','penaflor-metropolitana',1);
INSERT INTO "properties_commune" VALUES(404,1,'2023-02-24','2023-02-24','Padre Hurtado','padre-hurtado-metropolitana',1);
INSERT INTO "properties_commune" VALUES(405,1,'2023-02-24','2023-02-24','Isla de Maipo','isla-de-maipo-metropolitana',1);
INSERT INTO "properties_commune" VALUES(406,1,'2023-02-24','2023-02-24','El Monte','el-monte-metropolitana',1);
INSERT INTO "properties_commune" VALUES(407,1,'2023-02-24','2023-02-24','Taltal','taltal-antofagasta',2);
INSERT INTO "properties_commune" VALUES(408,1,'2023-02-24','2023-02-24','Sierra Gorda','sierra-gorda-antofagasta',2);
INSERT INTO "properties_commune" VALUES(409,1,'2023-02-24','2023-02-24','Mejillones','mejillones-antofagasta',2);
INSERT INTO "properties_commune" VALUES(410,1,'2023-02-24','2023-02-24','Antofagasta','antofagasta-antofagasta',2);
INSERT INTO "properties_commune" VALUES(411,1,'2023-02-24','2023-02-24','San Pedro de Atacama','san-pedro-de-atacama-antofagasta',2);
INSERT INTO "properties_commune" VALUES(412,1,'2023-02-24','2023-02-24','Ollage','ollague-antofagasta',2);
INSERT INTO "properties_commune" VALUES(413,1,'2023-02-24','2023-02-24','Calama','calama-antofagasta',2);
INSERT INTO "properties_commune" VALUES(414,1,'2023-02-24','2023-02-24','Tocopilla','tocopilla-antofagasta',2);
INSERT INTO "properties_commune" VALUES(415,1,'2023-02-24','2023-02-24','Mara Elena','maria-elena-antofagasta',2);
INSERT INTO "properties_commune" VALUES(416,1,'2023-02-24','2023-02-24','Villarrica','villarrica-araucania',3);
INSERT INTO "properties_commune" VALUES(417,1,'2023-02-24','2023-02-24','Vilcn','vilcun-araucania',3);
INSERT INTO "properties_commune" VALUES(418,1,'2023-02-24','2023-02-24','Toltn','tolten-araucania',3);
INSERT INTO "properties_commune" VALUES(419,1,'2023-02-24','2023-02-24','Teodoro Schmidt','teodoro-schmidt-araucania',3);
INSERT INTO "properties_commune" VALUES(420,1,'2023-02-24','2023-02-24','Temuco','temuco-araucania',3);
INSERT INTO "properties_commune" VALUES(421,1,'2023-02-24','2023-02-24','Saavedra','saavedra-araucania',3);
INSERT INTO "properties_commune" VALUES(422,1,'2023-02-24','2023-02-24','Pucn','pucon-araucania',3);
INSERT INTO "properties_commune" VALUES(423,1,'2023-02-24','2023-02-24','Pitrufqun','pitrufquen-araucania',3);
INSERT INTO "properties_commune" VALUES(424,1,'2023-02-24','2023-02-24','Perquenco','perquenco-araucania',3);
INSERT INTO "properties_commune" VALUES(425,1,'2023-02-24','2023-02-24','Padre Las Casas','padre-las-casas-araucania',3);
INSERT INTO "properties_commune" VALUES(426,1,'2023-02-24','2023-02-24','Nueva Imperial','nueva-imperial-araucania',3);
INSERT INTO "properties_commune" VALUES(427,1,'2023-02-24','2023-02-24','Melipeuco','melipeuco-araucania',3);
INSERT INTO "properties_commune" VALUES(428,1,'2023-02-24','2023-02-24','Loncoche','loncoche-araucania',3);
INSERT INTO "properties_commune" VALUES(429,1,'2023-02-24','2023-02-24','Lautaro','lautaro-araucania',3);
INSERT INTO "properties_commune" VALUES(430,1,'2023-02-24','2023-02-24','Gorbea','gorbea-araucania',3);
INSERT INTO "properties_commune" VALUES(431,1,'2023-02-24','2023-02-24','Galvarino','galvarino-araucania',3);
INSERT INTO "properties_commune" VALUES(432,1,'2023-02-24','2023-02-24','Freire','freire-araucania',3);
INSERT INTO "properties_commune" VALUES(433,1,'2023-02-24','2023-02-24','Curarrehue','curarrehue-araucania',3);
INSERT INTO "properties_commune" VALUES(434,1,'2023-02-24','2023-02-24','Cunco','cunco-araucania',3);
INSERT INTO "properties_commune" VALUES(435,1,'2023-02-24','2023-02-24','Cholchol','cholchol-araucania',3);
INSERT INTO "properties_commune" VALUES(436,1,'2023-02-24','2023-02-24','Carahue','carahue-araucania',3);
INSERT INTO "properties_commune" VALUES(437,1,'2023-02-24','2023-02-24','Victoria','victoria-araucania',3);
INSERT INTO "properties_commune" VALUES(438,1,'2023-02-24','2023-02-24','Traigun','traiguen-araucania',3);
INSERT INTO "properties_commune" VALUES(439,1,'2023-02-24','2023-02-24','Renaico','renaico-araucania',3);
INSERT INTO "properties_commune" VALUES(440,1,'2023-02-24','2023-02-24','Purn','puren-araucania',3);
INSERT INTO "properties_commune" VALUES(441,1,'2023-02-24','2023-02-24','Lumaco','lumaco-araucania',3);
INSERT INTO "properties_commune" VALUES(442,1,'2023-02-24','2023-02-24','Los Sauces','los-sauces-araucania',3);
INSERT INTO "properties_commune" VALUES(443,1,'2023-02-24','2023-02-24','Lonquimay','lonquimay-araucania',3);
INSERT INTO "properties_commune" VALUES(444,1,'2023-02-24','2023-02-24','Ercilla','ercilla-araucania',3);
INSERT INTO "properties_commune" VALUES(445,1,'2023-02-24','2023-02-24','Curacautn','curacautin-araucania',3);
INSERT INTO "properties_commune" VALUES(446,1,'2023-02-24','2023-02-24','Collipulli','collipulli-araucania',3);
INSERT INTO "properties_commune" VALUES(447,1,'2023-02-24','2023-02-24','Angol','angol-araucania',3);
INSERT INTO "properties_commune" VALUES(448,1,'2023-02-24','2023-02-24','Camarones','camarones-arica-y-parinatoca',4);
INSERT INTO "properties_commune" VALUES(449,1,'2023-02-24','2023-02-24','Arica','arica-arica-y-parinatoca',4);
INSERT INTO "properties_commune" VALUES(450,1,'2023-02-24','2023-02-24','Putre','putre-arica-y-parinatoca',4);
INSERT INTO "properties_commune" VALUES(451,1,'2023-02-24','2023-02-24','General Lagos','general-lagos-arica-y-parinatoca',4);
INSERT INTO "properties_commune" VALUES(452,1,'2023-02-24','2023-02-24','Diego de Almagro','diego-de-almagro-atacama',5);
INSERT INTO "properties_commune" VALUES(453,1,'2023-02-24','2023-02-24','Chaaral','chanaral-atacama',5);
INSERT INTO "properties_commune" VALUES(454,1,'2023-02-24','2023-02-24','Tierra Amarilla','tierra-amarilla-atacama',5);
INSERT INTO "properties_commune" VALUES(455,1,'2023-02-24','2023-02-24','Copiap','copiapo-atacama',5);
INSERT INTO "properties_commune" VALUES(456,1,'2023-02-24','2023-02-24','Caldera','caldera-atacama',5);
INSERT INTO "properties_commune" VALUES(457,1,'2023-02-24','2023-02-24','Vallenar','vallenar-atacama',5);
INSERT INTO "properties_commune" VALUES(458,1,'2023-02-24','2023-02-24','Huasco','huasco-atacama',5);
INSERT INTO "properties_commune" VALUES(459,1,'2023-02-24','2023-02-24','Freirina','freirina-atacama',5);
INSERT INTO "properties_commune" VALUES(460,1,'2023-02-24','2023-02-24','Alto del Carmen','alto-del-carmen-atacama',5);
INSERT INTO "properties_commune" VALUES(461,1,'2023-02-24','2023-02-24','Guaitecas','guaitecas-aysen',6);
INSERT INTO "properties_commune" VALUES(462,1,'2023-02-24','2023-02-24','Cisnes','cisnes-aysen',6);
INSERT INTO "properties_commune" VALUES(463,1,'2023-02-24','2023-02-24','Aysn','aysen-aysen',6);
INSERT INTO "properties_commune" VALUES(464,1,'2023-02-24','2023-02-24','Tortel','tortel-aysen',6);
INSERT INTO "properties_commune" VALUES(465,1,'2023-02-24','2023-02-24','O Higgins','o-higgins-aysen',6);
INSERT INTO "properties_commune" VALUES(466,1,'2023-02-24','2023-02-24','Cochrane','cochrane-aysen',6);
INSERT INTO "properties_commune" VALUES(467,1,'2023-02-24','2023-02-24','Lago Verde','lago-verde-aysen',6);
INSERT INTO "properties_commune" VALUES(468,1,'2023-02-24','2023-02-24','Coihaique','coihaique-aysen',6);
INSERT INTO "properties_commune" VALUES(469,1,'2023-02-24','2023-02-24','Ro Ibez','rio-ibanez-aysen',6);
INSERT INTO "properties_commune" VALUES(470,1,'2023-02-24','2023-02-24','Chile Chico','chile-chico-aysen',6);
INSERT INTO "properties_commune" VALUES(471,1,'2023-02-24','2023-02-24','San Vicente','san-vicente-bernardo-ohiggins',7);
INSERT INTO "properties_commune" VALUES(472,1,'2023-02-24','2023-02-24','Requnoa','requinoa-bernardo-ohiggins',7);
INSERT INTO "properties_commune" VALUES(473,1,'2023-02-24','2023-02-24','Rengo','rengo-bernardo-ohiggins',7);
INSERT INTO "properties_commune" VALUES(474,1,'2023-02-24','2023-02-24','Rancagua','rancagua-bernardo-ohiggins',7);
INSERT INTO "properties_commune" VALUES(475,1,'2023-02-24','2023-02-24','Quinta de Tilcoco','quinta-de-tilcoco-bernardo-ohiggins',7);
INSERT INTO "properties_commune" VALUES(476,1,'2023-02-24','2023-02-24','Pichidegua','pichidegua-bernardo-ohiggins',7);
INSERT INTO "properties_commune" VALUES(477,1,'2023-02-24','2023-02-24','Peumo','peumo-bernardo-ohiggins',7);
INSERT INTO "properties_commune" VALUES(478,1,'2023-02-24','2023-02-24','Olivar','olivar-bernardo-ohiggins',7);
INSERT INTO "properties_commune" VALUES(479,1,'2023-02-24','2023-02-24','Mostazal','mostazal-bernardo-ohiggins',7);
INSERT INTO "properties_commune" VALUES(480,1,'2023-02-24','2023-02-24','Malloa','malloa-bernardo-ohiggins',7);
INSERT INTO "properties_commune" VALUES(481,1,'2023-02-24','2023-02-24','Machal','machali-bernardo-ohiggins',7);
INSERT INTO "properties_commune" VALUES(482,1,'2023-02-24','2023-02-24','Las Cabras','las-cabras-bernardo-ohiggins',7);
INSERT INTO "properties_commune" VALUES(483,1,'2023-02-24','2023-02-24','Graneros','graneros-bernardo-ohiggins',7);
INSERT INTO "properties_commune" VALUES(484,1,'2023-02-24','2023-02-24','Doihue','donihue-bernardo-ohiggins',7);
INSERT INTO "properties_commune" VALUES(485,1,'2023-02-24','2023-02-24','Coltauco','coltauco-bernardo-ohiggins',7);
INSERT INTO "properties_commune" VALUES(486,1,'2023-02-24','2023-02-24','Coinco','coinco-bernardo-ohiggins',7);
INSERT INTO "properties_commune" VALUES(487,1,'2023-02-24','2023-02-24','Codegua','codegua-bernardo-ohiggins',7);
INSERT INTO "properties_commune" VALUES(488,1,'2023-02-24','2023-02-24','Pichilemu','pichilemu-bernardo-ohiggins',7);
INSERT INTO "properties_commune" VALUES(489,1,'2023-02-24','2023-02-24','Paredones','paredones-bernardo-ohiggins',7);
INSERT INTO "properties_commune" VALUES(490,1,'2023-02-24','2023-02-24','Navidad','navidad-bernardo-ohiggins',7);
INSERT INTO "properties_commune" VALUES(491,1,'2023-02-24','2023-02-24','Marchihue','marchihue-bernardo-ohiggins',7);
INSERT INTO "properties_commune" VALUES(492,1,'2023-02-24','2023-02-24','Litueche','litueche-bernardo-ohiggins',7);
INSERT INTO "properties_commune" VALUES(493,1,'2023-02-24','2023-02-24','La Estrella','la-estrella-bernardo-ohiggins',7);
INSERT INTO "properties_commune" VALUES(494,1,'2023-02-24','2023-02-24','Santa Cruz','santa-cruz-bernardo-ohiggins',7);
INSERT INTO "properties_commune" VALUES(495,1,'2023-02-24','2023-02-24','San Fernando','san-fernando-bernardo-ohiggins',7);
INSERT INTO "properties_commune" VALUES(496,1,'2023-02-24','2023-02-24','Pumanque','pumanque-bernardo-ohiggins',7);
INSERT INTO "properties_commune" VALUES(497,1,'2023-02-24','2023-02-24','Placilla','placilla-bernardo-ohiggins',7);
INSERT INTO "properties_commune" VALUES(498,1,'2023-02-24','2023-02-24','Peralillo','peralillo-bernardo-ohiggins',7);
INSERT INTO "properties_commune" VALUES(499,1,'2023-02-24','2023-02-24','Palmilla','palmilla-bernardo-ohiggins',7);
INSERT INTO "properties_commune" VALUES(500,1,'2023-02-24','2023-02-24','Nancagua','nancagua-bernardo-ohiggins',7);
INSERT INTO "properties_commune" VALUES(501,1,'2023-02-24','2023-02-24','Lolol','lolol-bernardo-ohiggins',7);
INSERT INTO "properties_commune" VALUES(502,1,'2023-02-24','2023-02-24','Chimbarongo','chimbarongo-bernardo-ohiggins',7);
INSERT INTO "properties_commune" VALUES(503,1,'2023-02-24','2023-02-24','Chpica','chepica-bernardo-ohiggins',7);
INSERT INTO "properties_commune" VALUES(504,1,'2023-02-24','2023-02-24','Tira','tirua-biobio',8);
INSERT INTO "properties_commune" VALUES(505,1,'2023-02-24','2023-02-24','Los lamos','los-alamos-biobio',8);
INSERT INTO "properties_commune" VALUES(506,1,'2023-02-24','2023-02-24','Lebu','lebu-biobio',8);
INSERT INTO "properties_commune" VALUES(507,1,'2023-02-24','2023-02-24','Curanilahue','curanilahue-biobio',8);
INSERT INTO "properties_commune" VALUES(508,1,'2023-02-24','2023-02-24','Contulmo','contulmo-biobio',8);
INSERT INTO "properties_commune" VALUES(509,1,'2023-02-24','2023-02-24','Caete','canete-biobio',8);
INSERT INTO "properties_commune" VALUES(510,1,'2023-02-24','2023-02-24','Arauco','arauco-biobio',8);
INSERT INTO "properties_commune" VALUES(511,1,'2023-02-24','2023-02-24','Yumbel','yumbel-biobio',8);
INSERT INTO "properties_commune" VALUES(512,1,'2023-02-24','2023-02-24','Tucapel','tucapel-biobio',8);
INSERT INTO "properties_commune" VALUES(513,1,'2023-02-24','2023-02-24','Santa Brbara','santa-barbara-biobio',8);
INSERT INTO "properties_commune" VALUES(514,1,'2023-02-24','2023-02-24','San Rosendo','san-rosendo-biobio',8);
INSERT INTO "properties_commune" VALUES(515,1,'2023-02-24','2023-02-24','Quilleco','quilleco-biobio',8);
INSERT INTO "properties_commune" VALUES(516,1,'2023-02-24','2023-02-24','Quilaco','quilaco-biobio',8);
INSERT INTO "properties_commune" VALUES(517,1,'2023-02-24','2023-02-24','Negrete','negrete-biobio',8);
INSERT INTO "properties_commune" VALUES(518,1,'2023-02-24','2023-02-24','Nacimiento','nacimiento-biobio',8);
INSERT INTO "properties_commune" VALUES(519,1,'2023-02-24','2023-02-24','Mulchn','mulchen-biobio',8);
INSERT INTO "properties_commune" VALUES(520,1,'2023-02-24','2023-02-24','Los ngeles','los-angeles-biobio',8);
INSERT INTO "properties_commune" VALUES(521,1,'2023-02-24','2023-02-24','Laja','laja-biobio',8);
INSERT INTO "properties_commune" VALUES(522,1,'2023-02-24','2023-02-24','Cabrero','cabrero-biobio',8);
INSERT INTO "properties_commune" VALUES(523,1,'2023-02-24','2023-02-24','Antuco','antuco-biobio',8);
INSERT INTO "properties_commune" VALUES(524,1,'2023-02-24','2023-02-24','Alto Biobo','alto-biobio-biobio',8);
INSERT INTO "properties_commune" VALUES(525,1,'2023-02-24','2023-02-24','Tom','tome-biobio',8);
INSERT INTO "properties_commune" VALUES(526,1,'2023-02-24','2023-02-24','Talcahuano','talcahuano-biobio',8);
INSERT INTO "properties_commune" VALUES(527,1,'2023-02-24','2023-02-24','Santa Juana','santa-juana-biobio',8);
INSERT INTO "properties_commune" VALUES(528,1,'2023-02-24','2023-02-24','San Pedro de la Paz','san-pedro-de-la-paz-biobio',8);
INSERT INTO "properties_commune" VALUES(529,1,'2023-02-24','2023-02-24','Penco','penco-biobio',8);
INSERT INTO "properties_commune" VALUES(530,1,'2023-02-24','2023-02-24','Lota','lota-biobio',8);
INSERT INTO "properties_commune" VALUES(531,1,'2023-02-24','2023-02-24','Hualqui','hualqui-biobio',8);
INSERT INTO "properties_commune" VALUES(532,1,'2023-02-24','2023-02-24','Hualpn','hualpen-biobio',8);
INSERT INTO "properties_commune" VALUES(533,1,'2023-02-24','2023-02-24','Florida','florida-biobio',8);
INSERT INTO "properties_commune" VALUES(534,1,'2023-02-24','2023-02-24','Coronel','coronel-biobio',8);
INSERT INTO "properties_commune" VALUES(535,1,'2023-02-24','2023-02-24','Concepcin','concepcion-biobio',8);
INSERT INTO "properties_commune" VALUES(536,1,'2023-02-24','2023-02-24','Chiguayante','chiguayante-biobio',8);
INSERT INTO "properties_commune" VALUES(537,1,'2023-02-24','2023-02-24','Salamanca','salamanca-coquimbo',9);
INSERT INTO "properties_commune" VALUES(538,1,'2023-02-24','2023-02-24','Los Vilos','los-vilos-coquimbo',9);
INSERT INTO "properties_commune" VALUES(539,1,'2023-02-24','2023-02-24','Illapel','illapel-coquimbo',9);
INSERT INTO "properties_commune" VALUES(540,1,'2023-02-24','2023-02-24','Canela','canela-coquimbo',9);
INSERT INTO "properties_commune" VALUES(541,1,'2023-02-24','2023-02-24','Vicua','vicuna-coquimbo',9);
INSERT INTO "properties_commune" VALUES(542,1,'2023-02-24','2023-02-24','Paiguano','paiguano-coquimbo',9);
INSERT INTO "properties_commune" VALUES(543,1,'2023-02-24','2023-02-24','La Serena','la-serena-coquimbo',9);
INSERT INTO "properties_commune" VALUES(544,1,'2023-02-24','2023-02-24','La Higuera','la-higuera-coquimbo',9);
INSERT INTO "properties_commune" VALUES(545,1,'2023-02-24','2023-02-24','Coquimbo','coquimbo-coquimbo',9);
INSERT INTO "properties_commune" VALUES(546,1,'2023-02-24','2023-02-24','Andacollo','andacollo-coquimbo',9);
INSERT INTO "properties_commune" VALUES(547,1,'2023-02-24','2023-02-24','Ro Hurtado','rio-hurtado-coquimbo',9);
INSERT INTO "properties_commune" VALUES(548,1,'2023-02-24','2023-02-24','Punitaqui','punitaqui-coquimbo',9);
INSERT INTO "properties_commune" VALUES(549,1,'2023-02-24','2023-02-24','Ovalle','ovalle-coquimbo',9);
INSERT INTO "properties_commune" VALUES(550,1,'2023-02-24','2023-02-24','Monte Patria','monte-patria-coquimbo',9);
INSERT INTO "properties_commune" VALUES(551,1,'2023-02-24','2023-02-24','Combarbal','combarbala-coquimbo',9);
INSERT INTO "properties_commune" VALUES(552,1,'2023-02-24','2023-02-24','Quinchao','quinchao-los-lagos',10);
INSERT INTO "properties_commune" VALUES(553,1,'2023-02-24','2023-02-24','Quemchi','quemchi-los-lagos',10);
INSERT INTO "properties_commune" VALUES(554,1,'2023-02-24','2023-02-24','Quelln','quellon-los-lagos',10);
INSERT INTO "properties_commune" VALUES(555,1,'2023-02-24','2023-02-24','Queiln','queilen-los-lagos',10);
INSERT INTO "properties_commune" VALUES(556,1,'2023-02-24','2023-02-24','Puqueldn','puqueldon-los-lagos',10);
INSERT INTO "properties_commune" VALUES(557,1,'2023-02-24','2023-02-24','Dalcahue','dalcahue-los-lagos',10);
INSERT INTO "properties_commune" VALUES(558,1,'2023-02-24','2023-02-24','Curaco de Vlez','curaco-de-velez-los-lagos',10);
INSERT INTO "properties_commune" VALUES(559,1,'2023-02-24','2023-02-24','Chonchi','chonchi-los-lagos',10);
INSERT INTO "properties_commune" VALUES(560,1,'2023-02-24','2023-02-24','Castro','castro-los-lagos',10);
INSERT INTO "properties_commune" VALUES(561,1,'2023-02-24','2023-02-24','Ancud','ancud-los-lagos',10);
INSERT INTO "properties_commune" VALUES(562,1,'2023-02-24','2023-02-24','Puerto Varas','puerto-varas-los-lagos',10);
INSERT INTO "properties_commune" VALUES(563,1,'2023-02-24','2023-02-24','Puerto Montt','puerto-montt-los-lagos',10);
INSERT INTO "properties_commune" VALUES(564,1,'2023-02-24','2023-02-24','Maulln','maullin-los-lagos',10);
INSERT INTO "properties_commune" VALUES(565,1,'2023-02-24','2023-02-24','Los Muermos','los-muermos-los-lagos',10);
INSERT INTO "properties_commune" VALUES(566,1,'2023-02-24','2023-02-24','Llanquihue','llanquihue-los-lagos',10);
INSERT INTO "properties_commune" VALUES(567,1,'2023-02-24','2023-02-24','Frutillar','frutillar-los-lagos',10);
INSERT INTO "properties_commune" VALUES(568,1,'2023-02-24','2023-02-24','Fresia','fresia-los-lagos',10);
INSERT INTO "properties_commune" VALUES(569,1,'2023-02-24','2023-02-24','Cocham','cochamo-los-lagos',10);
INSERT INTO "properties_commune" VALUES(570,1,'2023-02-24','2023-02-24','Calbuco','calbuco-los-lagos',10);
INSERT INTO "properties_commune" VALUES(571,1,'2023-02-24','2023-02-24','San Pablo','san-pablo-los-lagos',10);
INSERT INTO "properties_commune" VALUES(572,1,'2023-02-24','2023-02-24','San Juan de la Costa','san-juan-de-la-costa-los-lagos',10);
INSERT INTO "properties_commune" VALUES(573,1,'2023-02-24','2023-02-24','Ro Negro','rio-negro-los-lagos',10);
INSERT INTO "properties_commune" VALUES(574,1,'2023-02-24','2023-02-24','Puyehue','puyehue-los-lagos',10);
INSERT INTO "properties_commune" VALUES(575,1,'2023-02-24','2023-02-24','Purranque','purranque-los-lagos',10);
INSERT INTO "properties_commune" VALUES(576,1,'2023-02-24','2023-02-24','Puerto Octay','puerto-octay-los-lagos',10);
INSERT INTO "properties_commune" VALUES(577,1,'2023-02-24','2023-02-24','Osorno','osorno-los-lagos',10);
INSERT INTO "properties_commune" VALUES(578,1,'2023-02-24','2023-02-24','Palena','palena-los-lagos',10);
INSERT INTO "properties_commune" VALUES(579,1,'2023-02-24','2023-02-24','Hualaihu','hualaihue-los-lagos',10);
INSERT INTO "properties_commune" VALUES(580,1,'2023-02-24','2023-02-24','Futaleuf','futaleufu-los-lagos',10);
INSERT INTO "properties_commune" VALUES(581,1,'2023-02-24','2023-02-24','Chaitn','chaiten-los-lagos',10);
INSERT INTO "properties_commune" VALUES(582,1,'2023-02-24','2023-02-24','Ro Bueno','rio-bueno-los-rios',11);
INSERT INTO "properties_commune" VALUES(583,1,'2023-02-24','2023-02-24','Lago Ranco','lago-ranco-los-rios',11);
INSERT INTO "properties_commune" VALUES(584,1,'2023-02-24','2023-02-24','La Unin','la-union-los-rios',11);
INSERT INTO "properties_commune" VALUES(585,1,'2023-02-24','2023-02-24','Futrono','futrono-los-rios',11);
INSERT INTO "properties_commune" VALUES(586,1,'2023-02-24','2023-02-24','Valdivia','valdivia-los-rios',11);
INSERT INTO "properties_commune" VALUES(587,1,'2023-02-24','2023-02-24','Panguipulli','panguipulli-los-rios',11);
INSERT INTO "properties_commune" VALUES(588,1,'2023-02-24','2023-02-24','Paillaco','paillaco-los-rios',11);
INSERT INTO "properties_commune" VALUES(589,1,'2023-02-24','2023-02-24','Mariquina','mariquina-los-rios',11);
INSERT INTO "properties_commune" VALUES(590,1,'2023-02-24','2023-02-24','Mfil','mafil-los-rios',11);
INSERT INTO "properties_commune" VALUES(591,1,'2023-02-24','2023-02-24','Los Lagos','los-lagos-los-rios',11);
INSERT INTO "properties_commune" VALUES(592,1,'2023-02-24','2023-02-24','Lanco','lanco-los-rios',11);
INSERT INTO "properties_commune" VALUES(593,1,'2023-02-24','2023-02-24','Corral','corral-los-rios',11);
INSERT INTO "properties_commune" VALUES(594,1,'2023-02-24','2023-02-24','Cabo de Hornos','cabo-de-hornos-magallanes',12);
INSERT INTO "properties_commune" VALUES(595,1,'2023-02-24','2023-02-24','Antrtica','antartica-magallanes',12);
INSERT INTO "properties_commune" VALUES(596,1,'2023-02-24','2023-02-24','San Gregorio','san-gregorio-magallanes',12);
INSERT INTO "properties_commune" VALUES(597,1,'2023-02-24','2023-02-24','Ro Verde','rio-verde-magallanes',12);
INSERT INTO "properties_commune" VALUES(598,1,'2023-02-24','2023-02-24','Punta Arenas','punta-arenas-magallanes',12);
INSERT INTO "properties_commune" VALUES(599,1,'2023-02-24','2023-02-24','Laguna Blanca','laguna-blanca-magallanes',12);
INSERT INTO "properties_commune" VALUES(600,1,'2023-02-24','2023-02-24','Timaukel','timaukel-magallanes',12);
INSERT INTO "properties_commune" VALUES(601,1,'2023-02-24','2023-02-24','Primavera','primavera-magallanes',12);
INSERT INTO "properties_commune" VALUES(602,1,'2023-02-24','2023-02-24','Porvenir','porvenir-magallanes',12);
INSERT INTO "properties_commune" VALUES(603,1,'2023-02-24','2023-02-24','Torres del Paine','torres-del-paine-magallanes',12);
INSERT INTO "properties_commune" VALUES(604,1,'2023-02-24','2023-02-24','Natales','natales-magallanes',12);
INSERT INTO "properties_commune" VALUES(605,1,'2023-02-24','2023-02-24','Pelluhue','pelluhue-maule',13);
INSERT INTO "properties_commune" VALUES(606,1,'2023-02-24','2023-02-24','Chanco','chanco-maule',13);
INSERT INTO "properties_commune" VALUES(607,1,'2023-02-24','2023-02-24','Cauquenes','cauquenes-maule',13);
INSERT INTO "properties_commune" VALUES(608,1,'2023-02-24','2023-02-24','Vichuqun','vichuquen-maule',13);
INSERT INTO "properties_commune" VALUES(609,1,'2023-02-24','2023-02-24','Teno','teno-maule',13);
INSERT INTO "properties_commune" VALUES(610,1,'2023-02-24','2023-02-24','Sagrada Familia','sagrada-familia-maule',13);
INSERT INTO "properties_commune" VALUES(611,1,'2023-02-24','2023-02-24','Romeral','romeral-maule',13);
INSERT INTO "properties_commune" VALUES(612,1,'2023-02-24','2023-02-24','Rauco','rauco-maule',13);
INSERT INTO "properties_commune" VALUES(613,1,'2023-02-24','2023-02-24','Molina','molina-maule',13);
INSERT INTO "properties_commune" VALUES(614,1,'2023-02-24','2023-02-24','Licantn','licanten-maule',13);
INSERT INTO "properties_commune" VALUES(615,1,'2023-02-24','2023-02-24','Huala','hualane-maule',13);
INSERT INTO "properties_commune" VALUES(616,1,'2023-02-24','2023-02-24','Curic','curico-maule',13);
INSERT INTO "properties_commune" VALUES(617,1,'2023-02-24','2023-02-24','Yerbas Buenas','yerbas-buenas-maule',13);
INSERT INTO "properties_commune" VALUES(618,1,'2023-02-24','2023-02-24','Villa Alegre','villa-alegre-maule',13);
INSERT INTO "properties_commune" VALUES(619,1,'2023-02-24','2023-02-24','San Javier','san-javier-maule',13);
INSERT INTO "properties_commune" VALUES(620,1,'2023-02-24','2023-02-24','Retiro','retiro-maule',13);
INSERT INTO "properties_commune" VALUES(621,1,'2023-02-24','2023-02-24','Parral','parral-maule',13);
INSERT INTO "properties_commune" VALUES(622,1,'2023-02-24','2023-02-24','Longav','longavi-maule',13);
INSERT INTO "properties_commune" VALUES(623,1,'2023-02-24','2023-02-24','Linares','linares-maule',13);
INSERT INTO "properties_commune" VALUES(624,1,'2023-02-24','2023-02-24','Colbn','colbun-maule',13);
INSERT INTO "properties_commune" VALUES(625,1,'2023-02-24','2023-02-24','Talca','talca-maule',13);
INSERT INTO "properties_commune" VALUES(626,1,'2023-02-24','2023-02-24','San Rafael','san-rafael-maule',13);
INSERT INTO "properties_commune" VALUES(627,1,'2023-02-24','2023-02-24','San Clemente','san-clemente-maule',13);
INSERT INTO "properties_commune" VALUES(628,1,'2023-02-24','2023-02-24','Ro Claro','rio-claro-maule',13);
INSERT INTO "properties_commune" VALUES(629,1,'2023-02-24','2023-02-24','Pencahue','pencahue-maule',13);
INSERT INTO "properties_commune" VALUES(630,1,'2023-02-24','2023-02-24','Pelarco','pelarco-maule',13);
INSERT INTO "properties_commune" VALUES(631,1,'2023-02-24','2023-02-24','Maule','maule-maule',13);
INSERT INTO "properties_commune" VALUES(632,1,'2023-02-24','2023-02-24','Empedrado','empedrado-maule',13);
INSERT INTO "properties_commune" VALUES(633,1,'2023-02-24','2023-02-24','Curepto','curepto-maule',13);
INSERT INTO "properties_commune" VALUES(634,1,'2023-02-24','2023-02-24','Constitucin','constitucion-maule',13);
INSERT INTO "properties_commune" VALUES(635,1,'2023-02-24','2023-02-24','Pelluhue','pelluhue-nuble',14);
INSERT INTO "properties_commune" VALUES(636,1,'2023-02-24','2023-02-24','Chanco','chanco-nuble',14);
INSERT INTO "properties_commune" VALUES(637,1,'2023-02-24','2023-02-24','Cauquenes','cauquenes-nuble',14);
INSERT INTO "properties_commune" VALUES(638,1,'2023-02-24','2023-02-24','Vichuqun','vichuquen-nuble',14);
INSERT INTO "properties_commune" VALUES(639,1,'2023-02-24','2023-02-24','Teno','teno-nuble',14);
INSERT INTO "properties_commune" VALUES(640,1,'2023-02-24','2023-02-24','Sagrada Familia','sagrada-familia-nuble',14);
INSERT INTO "properties_commune" VALUES(641,1,'2023-02-24','2023-02-24','Romeral','romeral-nuble',14);
INSERT INTO "properties_commune" VALUES(642,1,'2023-02-24','2023-02-24','Rauco','rauco-nuble',14);
INSERT INTO "properties_commune" VALUES(643,1,'2023-02-24','2023-02-24','Molina','molina-nuble',14);
INSERT INTO "properties_commune" VALUES(644,1,'2023-02-24','2023-02-24','Licantn','licanten-nuble',14);
INSERT INTO "properties_commune" VALUES(645,1,'2023-02-24','2023-02-24','Huala','hualane-nuble',14);
INSERT INTO "properties_commune" VALUES(646,1,'2023-02-24','2023-02-24','Curic','curico-nuble',14);
INSERT INTO "properties_commune" VALUES(647,1,'2023-02-24','2023-02-24','Yerbas Buenas','yerbas-buenas-nuble',14);
INSERT INTO "properties_commune" VALUES(648,1,'2023-02-24','2023-02-24','Villa Alegre','villa-alegre-nuble',14);
INSERT INTO "properties_commune" VALUES(649,1,'2023-02-24','2023-02-24','San Javier','san-javier-nuble',14);
INSERT INTO "properties_commune" VALUES(650,1,'2023-02-24','2023-02-24','Retiro','retiro-nuble',14);
INSERT INTO "properties_commune" VALUES(651,1,'2023-02-24','2023-02-24','Parral','parral-nuble',14);
INSERT INTO "properties_commune" VALUES(652,1,'2023-02-24','2023-02-24','Longav','longavi-nuble',14);
INSERT INTO "properties_commune" VALUES(653,1,'2023-02-24','2023-02-24','Linares','linares-nuble',14);
INSERT INTO "properties_commune" VALUES(654,1,'2023-02-24','2023-02-24','Colbn','colbun-nuble',14);
INSERT INTO "properties_commune" VALUES(655,1,'2023-02-24','2023-02-24','Talca','talca-nuble',14);
INSERT INTO "properties_commune" VALUES(656,1,'2023-02-24','2023-02-24','San Rafael','san-rafael-nuble',14);
INSERT INTO "properties_commune" VALUES(657,1,'2023-02-24','2023-02-24','San Clemente','san-clemente-nuble',14);
INSERT INTO "properties_commune" VALUES(658,1,'2023-02-24','2023-02-24','Ro Claro','rio-claro-nuble',14);
INSERT INTO "properties_commune" VALUES(659,1,'2023-02-24','2023-02-24','Pencahue','pencahue-nuble',14);
INSERT INTO "properties_commune" VALUES(660,1,'2023-02-24','2023-02-24','Pelarco','pelarco-nuble',14);
INSERT INTO "properties_commune" VALUES(661,1,'2023-02-24','2023-02-24','Maule','maule-nuble',14);
INSERT INTO "properties_commune" VALUES(662,1,'2023-02-24','2023-02-24','Empedrado','empedrado-nuble',14);
INSERT INTO "properties_commune" VALUES(663,1,'2023-02-24','2023-02-24','Curepto','curepto-nuble',14);
INSERT INTO "properties_commune" VALUES(664,1,'2023-02-24','2023-02-24','Constitucin','constitucion-nuble',14);
INSERT INTO "properties_commune" VALUES(665,1,'2023-02-24','2023-02-24','Iquique','iquique-tarapaca',15);
INSERT INTO "properties_commune" VALUES(666,1,'2023-02-24','2023-02-24','Alto Hospicio','alto-hospicio-tarapaca',15);
INSERT INTO "properties_commune" VALUES(667,1,'2023-02-24','2023-02-24','Pozo Almonte','pozo-almonte-tarapaca',15);
INSERT INTO "properties_commune" VALUES(668,1,'2023-02-24','2023-02-24','Pica','pica-tarapaca',15);
INSERT INTO "properties_commune" VALUES(669,1,'2023-02-24','2023-02-24','Huara','huara-tarapaca',15);
INSERT INTO "properties_commune" VALUES(670,1,'2023-02-24','2023-02-24','Colchane,Camia','colchanecamina-tarapaca',15);
INSERT INTO "properties_commune" VALUES(671,1,'2023-02-24','2023-02-24','Isla de Pascua','isla-de-pascua-valparaiso',16);
INSERT INTO "properties_commune" VALUES(672,1,'2023-02-24','2023-02-24','San Esteban','san-esteban-valparaiso',16);
INSERT INTO "properties_commune" VALUES(673,1,'2023-02-24','2023-02-24','Rinconada','rinconada-valparaiso',16);
INSERT INTO "properties_commune" VALUES(674,1,'2023-02-24','2023-02-24','Los Andes','los-andes-valparaiso',16);
INSERT INTO "properties_commune" VALUES(675,1,'2023-02-24','2023-02-24','Calle Larga','calle-larga-valparaiso',16);
INSERT INTO "properties_commune" VALUES(676,1,'2023-02-24','2023-02-24','Villa Alemana','villa-alemana-valparaiso',16);
INSERT INTO "properties_commune" VALUES(677,1,'2023-02-24','2023-02-24','Quilpu','quilpue-valparaiso',16);
INSERT INTO "properties_commune" VALUES(678,1,'2023-02-24','2023-02-24','Limache','limache-valparaiso',16);
INSERT INTO "properties_commune" VALUES(679,1,'2023-02-24','2023-02-24','Olmu','olmue-valparaiso',16);
INSERT INTO "properties_commune" VALUES(680,1,'2023-02-24','2023-02-24','Zapallar','zapallar-valparaiso',16);
INSERT INTO "properties_commune" VALUES(681,1,'2023-02-24','2023-02-24','Petorca','petorca-valparaiso',16);
INSERT INTO "properties_commune" VALUES(682,1,'2023-02-24','2023-02-24','Papudo','papudo-valparaiso',16);
INSERT INTO "properties_commune" VALUES(683,1,'2023-02-24','2023-02-24','La Ligua','la-ligua-valparaiso',16);
INSERT INTO "properties_commune" VALUES(684,1,'2023-02-24','2023-02-24','Cabildo','cabildo-valparaiso',16);
INSERT INTO "properties_commune" VALUES(685,1,'2023-02-24','2023-02-24','Quillota','quillota-valparaiso',16);
INSERT INTO "properties_commune" VALUES(686,1,'2023-02-24','2023-02-24','Nogales','nogales-valparaiso',16);
INSERT INTO "properties_commune" VALUES(687,1,'2023-02-24','2023-02-24','La Cruz','la-cruz-valparaiso',16);
INSERT INTO "properties_commune" VALUES(688,1,'2023-02-24','2023-02-24','La Calera','la-calera-valparaiso',16);
INSERT INTO "properties_commune" VALUES(689,1,'2023-02-24','2023-02-24','Hijuelas','hijuelas-valparaiso',16);
INSERT INTO "properties_commune" VALUES(690,1,'2023-02-24','2023-02-24','Santo Domingo','santo-domingo-valparaiso',16);
INSERT INTO "properties_commune" VALUES(691,1,'2023-02-24','2023-02-24','San Antonio','san-antonio-valparaiso',16);
INSERT INTO "properties_commune" VALUES(692,1,'2023-02-24','2023-02-24','El Tabo','el-tabo-valparaiso',16);
INSERT INTO "properties_commune" VALUES(693,1,'2023-02-24','2023-02-24','El Quisco','el-quisco-valparaiso',16);
INSERT INTO "properties_commune" VALUES(694,1,'2023-02-24','2023-02-24','Cartagena','cartagena-valparaiso',16);
INSERT INTO "properties_commune" VALUES(695,1,'2023-02-24','2023-02-24','Algarrobo','algarrobo-valparaiso',16);
INSERT INTO "properties_commune" VALUES(696,1,'2023-02-24','2023-02-24','Santa Mara','santa-maria-valparaiso',16);
INSERT INTO "properties_commune" VALUES(697,1,'2023-02-24','2023-02-24','San Felipe','san-felipe-valparaiso',16);
INSERT INTO "properties_commune" VALUES(698,1,'2023-02-24','2023-02-24','Putaendo','putaendo-valparaiso',16);
INSERT INTO "properties_commune" VALUES(699,1,'2023-02-24','2023-02-24','Panquehue','panquehue-valparaiso',16);
INSERT INTO "properties_commune" VALUES(700,1,'2023-02-24','2023-02-24','Llaillay','llaillay-valparaiso',16);
INSERT INTO "properties_commune" VALUES(701,1,'2023-02-24','2023-02-24','Catemu','catemu-valparaiso',16);
INSERT INTO "properties_commune" VALUES(702,1,'2023-02-24','2023-02-24','Via del Mar','vina-del-mar-valparaiso',16);
INSERT INTO "properties_commune" VALUES(703,1,'2023-02-24','2023-02-24','Valparaso','valparaiso-valparaiso',16);
INSERT INTO "properties_commune" VALUES(704,1,'2023-02-24','2023-02-24','Quintero','quintero-valparaiso',16);
INSERT INTO "properties_commune" VALUES(705,1,'2023-02-24','2023-02-24','Puchuncav','puchuncavi-valparaiso',16);
INSERT INTO "properties_commune" VALUES(706,1,'2023-02-24','2023-02-24','Concn','concon-valparaiso',16);
INSERT INTO "properties_commune" VALUES(707,1,'2023-02-24','2023-02-24','Juan Fernndez','juan-fernandez-valparaiso',16);
INSERT INTO "properties_commune" VALUES(708,1,'2023-02-24','2023-02-24','Casablanca','casablanca-valparaiso',16);
CREATE UNIQUE INDEX "django_content_type_app_label_model_76bd3d3b_uniq" ON "django_content_type" ("app_label", "model");
CREATE UNIQUE INDEX "auth_group_permissions_group_id_permission_id_0cd325b0_uniq" ON "auth_group_permissions" ("group_id", "permission_id");
CREATE INDEX IF NOT EXISTS "auth_group_permissions_group_id_b120cbf9" ON "auth_group_permissions" ("group_id");
CREATE INDEX IF NOT EXISTS "auth_group_permissions_permission_id_84c5c92e" ON "auth_group_permissions" ("permission_id");
CREATE UNIQUE INDEX "auth_permission_content_type_id_codename_01ab375a_uniq" ON "auth_permission" ("content_type_id", "codename");
CREATE INDEX IF NOT EXISTS "auth_permission_content_type_id_2f476e4b" ON "auth_permission" ("content_type_id");
CREATE UNIQUE INDEX "accounts_customuser_groups_customuser_id_group_id_c074bdcb_uniq" ON "accounts_customuser_groups" ("customuser_id", "group_id");
CREATE INDEX IF NOT EXISTS "accounts_customuser_groups_customuser_id_bc55088e" ON "accounts_customuser_groups" ("customuser_id");
CREATE INDEX IF NOT EXISTS "accounts_customuser_groups_group_id_86ba5f9e" ON "accounts_customuser_groups" ("group_id");
CREATE UNIQUE INDEX "accounts_customuser_user_permissions_customuser_id_permission_id_9632a709_uniq" ON "accounts_customuser_user_permissions" ("customuser_id", "permission_id");
CREATE INDEX IF NOT EXISTS "accounts_customuser_user_permissions_customuser_id_0deaefae" ON "accounts_customuser_user_permissions" ("customuser_id");
CREATE INDEX IF NOT EXISTS "accounts_customuser_user_permissions_permission_id_aea3d0e5" ON "accounts_customuser_user_permissions" ("permission_id");
CREATE INDEX IF NOT EXISTS "django_admin_log_content_type_id_c4bce8eb" ON "django_admin_log" ("content_type_id");
CREATE INDEX IF NOT EXISTS "django_admin_log_user_id_c564eba6" ON "django_admin_log" ("user_id");
CREATE UNIQUE INDEX "newsletters_newsletter_email_newsletter_id_newsletteruser_id_729391df_uniq" ON "newsletters_newsletter_email" ("newsletter_id", "newsletteruser_id");
CREATE INDEX IF NOT EXISTS "newsletters_newsletter_email_newsletter_id_86f76210" ON "newsletters_newsletter_email" ("newsletter_id");
CREATE INDEX IF NOT EXISTS "newsletters_newsletter_email_newsletteruser_id_c7b00502" ON "newsletters_newsletter_email" ("newsletteruser_id");
CREATE INDEX IF NOT EXISTS "properties_urbansite_property_id_0f9e3592" ON "properties_urbansite" ("property_id");
CREATE INDEX IF NOT EXISTS "properties_shop_property_id_10ac3c0d" ON "properties_shop" ("property_id");
CREATE INDEX IF NOT EXISTS "properties_propertyimage_property_id_883194e7" ON "properties_propertyimage" ("property_id");
CREATE INDEX IF NOT EXISTS "properties_propertycontact_property_id_49ac3914" ON "properties_propertycontact" ("property_id");
CREATE INDEX IF NOT EXISTS "properties_property_commune_id_948414dc" ON "properties_property" ("commune_id");
CREATE INDEX IF NOT EXISTS "properties_property_region_id_bdc9e684" ON "properties_property" ("region_id");
CREATE INDEX IF NOT EXISTS "properties_property_user_id_d65e9a67" ON "properties_property" ("user_id");
CREATE INDEX IF NOT EXISTS "properties_parcel_property_id_3ce4d875" ON "properties_parcel" ("property_id");
CREATE INDEX IF NOT EXISTS "properties_office_property_id_02ceab57" ON "properties_office" ("property_id");
CREATE INDEX IF NOT EXISTS "properties_industrial_property_id_ceb76305" ON "properties_industrial" ("property_id");
CREATE INDEX IF NOT EXISTS "properties_house_property_id_cd7f08ea" ON "properties_house" ("property_id");
CREATE INDEX IF NOT EXISTS "properties_commune_location_slug_e136a79f" ON "properties_commune" ("location_slug");
CREATE INDEX IF NOT EXISTS "properties_commune_region_id_5570bcad" ON "properties_commune" ("region_id");
CREATE INDEX IF NOT EXISTS "properties_cellar_property_id_fabcf2b9" ON "properties_cellar" ("property_id");
CREATE INDEX IF NOT EXISTS "properties_apartment_property_id_b78dace9" ON "properties_apartment" ("property_id");
CREATE INDEX IF NOT EXISTS "django_session_expire_date_a5c62663" ON "django_session" ("expire_date");
CREATE INDEX IF NOT EXISTS "properties_publication_owner_id_855dd835" ON "properties_publication" ("owner_id");
CREATE INDEX IF NOT EXISTS "properties_publication_property_id_0ee40f95" ON "properties_publication" ("property_id");
CREATE INDEX IF NOT EXISTS "properties_publication_realtor_id_2ed80779" ON "properties_publication" ("realtor_id");
CREATE INDEX IF NOT EXISTS "properties_publication_user_id_01528e25" ON "properties_publication" ("user_id");
CREATE UNIQUE INDEX "properties_publication_views_publication_id_ipvisitor_id_01380f72_uniq" ON "properties_publication_views" ("publication_id", "ipvisitor_id");
CREATE INDEX IF NOT EXISTS "properties_publication_views_publication_id_2f3e43dc" ON "properties_publication_views" ("publication_id");
CREATE INDEX IF NOT EXISTS "properties_publication_views_ipvisitor_id_5a957899" ON "properties_publication_views" ("ipvisitor_id");
CREATE TABLE IF NOT EXISTS "properties_house" ("id" integer NOT NULL PRIMARY KEY AUTOINCREMENT, "state" bool NOT NULL, "created" date NOT NULL, "modified" date NOT NULL, "land_surface" integer unsigned NULL CHECK ("land_surface" >= 0), "builded_surface" integer unsigned NOT NULL CHECK ("builded_surface" >= 0), "num_rooms" varchar(2) NOT NULL, "num_bathrooms" varchar(2) NOT NULL, "num_parkings" varchar(2) NULL, "num_cellars" varchar(2) NULL, "num_floors" varchar(2) NULL, "num_house" varchar(20) NOT NULL, "builded_year" integer unsigned NULL CHECK ("builded_year" >= 0), "distribution" varchar(250) NOT NULL, "service" varchar(250) NOT NULL, "kitchen" varchar(250) NOT NULL, "other" varchar(250) NOT NULL, "property_id" bigint NULL REFERENCES "properties_property" ("id") DEFERRABLE INITIALLY DEFERRED);
INSERT INTO "properties_house" VALUES(4,1,'2023-02-26','2023-02-26',300,200,'2','3',NULL,NULL,NULL,'wewq',NULL,'Estar de Servicio','Luz,Agua Potable,Alarma','Cocina Equipada,Cocina Amoblada','Protecciones Ventana',7);
CREATE UNIQUE INDEX "django_content_type_app_label_model_76bd3d3b_uniq" ON "django_content_type" ("app_label", "model");
CREATE UNIQUE INDEX "auth_group_permissions_group_id_permission_id_0cd325b0_uniq" ON "auth_group_permissions" ("group_id", "permission_id");
CREATE INDEX IF NOT EXISTS "auth_group_permissions_group_id_b120cbf9" ON "auth_group_permissions" ("group_id");
CREATE INDEX IF NOT EXISTS "auth_group_permissions_permission_id_84c5c92e" ON "auth_group_permissions" ("permission_id");
CREATE UNIQUE INDEX "auth_permission_content_type_id_codename_01ab375a_uniq" ON "auth_permission" ("content_type_id", "codename");
CREATE INDEX IF NOT EXISTS "auth_permission_content_type_id_2f476e4b" ON "auth_permission" ("content_type_id");
CREATE UNIQUE INDEX "accounts_customuser_groups_customuser_id_group_id_c074bdcb_uniq" ON "accounts_customuser_groups" ("customuser_id", "group_id");
CREATE INDEX IF NOT EXISTS "accounts_customuser_groups_customuser_id_bc55088e" ON "accounts_customuser_groups" ("customuser_id");
CREATE INDEX IF NOT EXISTS "accounts_customuser_groups_group_id_86ba5f9e" ON "accounts_customuser_groups" ("group_id");
CREATE UNIQUE INDEX "accounts_customuser_user_permissions_customuser_id_permission_id_9632a709_uniq" ON "accounts_customuser_user_permissions" ("customuser_id", "permission_id");
CREATE INDEX IF NOT EXISTS "accounts_customuser_user_permissions_customuser_id_0deaefae" ON "accounts_customuser_user_permissions" ("customuser_id");
CREATE INDEX IF NOT EXISTS "accounts_customuser_user_permissions_permission_id_aea3d0e5" ON "accounts_customuser_user_permissions" ("permission_id");
CREATE INDEX IF NOT EXISTS "django_admin_log_content_type_id_c4bce8eb" ON "django_admin_log" ("content_type_id");
CREATE INDEX IF NOT EXISTS "django_admin_log_user_id_c564eba6" ON "django_admin_log" ("user_id");
CREATE UNIQUE INDEX "newsletters_newsletter_email_newsletter_id_newsletteruser_id_729391df_uniq" ON "newsletters_newsletter_email" ("newsletter_id", "newsletteruser_id");
CREATE INDEX IF NOT EXISTS "newsletters_newsletter_email_newsletter_id_86f76210" ON "newsletters_newsletter_email" ("newsletter_id");
CREATE INDEX IF NOT EXISTS "newsletters_newsletter_email_newsletteruser_id_c7b00502" ON "newsletters_newsletter_email" ("newsletteruser_id");
CREATE INDEX IF NOT EXISTS "properties_urbansite_property_id_0f9e3592" ON "properties_urbansite" ("property_id");
CREATE INDEX IF NOT EXISTS "properties_shop_property_id_10ac3c0d" ON "properties_shop" ("property_id");
CREATE INDEX IF NOT EXISTS "properties_propertyimage_property_id_883194e7" ON "properties_propertyimage" ("property_id");
CREATE INDEX IF NOT EXISTS "properties_propertycontact_property_id_49ac3914" ON "properties_propertycontact" ("property_id");
CREATE INDEX IF NOT EXISTS "properties_property_commune_id_948414dc" ON "properties_property" ("commune_id");
CREATE INDEX IF NOT EXISTS "properties_property_region_id_bdc9e684" ON "properties_property" ("region_id");
CREATE INDEX IF NOT EXISTS "properties_property_user_id_d65e9a67" ON "properties_property" ("user_id");
CREATE INDEX IF NOT EXISTS "properties_parcel_property_id_3ce4d875" ON "properties_parcel" ("property_id");
CREATE INDEX IF NOT EXISTS "properties_office_property_id_02ceab57" ON "properties_office" ("property_id");
CREATE INDEX IF NOT EXISTS "properties_industrial_property_id_ceb76305" ON "properties_industrial" ("property_id");
CREATE INDEX IF NOT EXISTS "properties_house_property_id_cd7f08ea" ON "properties_house" ("property_id");
CREATE INDEX IF NOT EXISTS "properties_commune_location_slug_e136a79f" ON "properties_commune" ("location_slug");
CREATE INDEX IF NOT EXISTS "properties_commune_region_id_5570bcad" ON "properties_commune" ("region_id");
CREATE INDEX IF NOT EXISTS "properties_cellar_property_id_fabcf2b9" ON "properties_cellar" ("property_id");
CREATE INDEX IF NOT EXISTS "properties_apartment_property_id_b78dace9" ON "properties_apartment" ("property_id");
CREATE INDEX IF NOT EXISTS "django_session_expire_date_a5c62663" ON "django_session" ("expire_date");
CREATE INDEX IF NOT EXISTS "properties_publication_owner_id_855dd835" ON "properties_publication" ("owner_id");
CREATE INDEX IF NOT EXISTS "properties_publication_property_id_0ee40f95" ON "properties_publication" ("property_id");
CREATE INDEX IF NOT EXISTS "properties_publication_realtor_id_2ed80779" ON "properties_publication" ("realtor_id");
CREATE INDEX IF NOT EXISTS "properties_publication_user_id_01528e25" ON "properties_publication" ("user_id");
CREATE UNIQUE INDEX "properties_publication_views_publication_id_ipvisitor_id_01380f72_uniq" ON "properties_publication_views" ("publication_id", "ipvisitor_id");
CREATE INDEX IF NOT EXISTS "properties_publication_views_publication_id_2f3e43dc" ON "properties_publication_views" ("publication_id");
CREATE INDEX IF NOT EXISTS "properties_publication_views_ipvisitor_id_5a957899" ON "properties_publication_views" ("ipvisitor_id");
CREATE TABLE IF NOT EXISTS "properties_industrial" ("id" integer NOT NULL PRIMARY KEY AUTOINCREMENT, "state" bool NOT NULL, "created" date NOT NULL, "modified" date NOT NULL, "land_surface" integer unsigned NOT NULL CHECK ("land_surface" >= 0), "builded_surface" integer unsigned NOT NULL CHECK ("builded_surface" >= 0), "num_cellars" varchar(2) NOT NULL, "num_bathrooms" varchar(2) NOT NULL, "num_offices" varchar(2) NOT NULL, "num_local" varchar(20) NOT NULL, "property_id" bigint NULL REFERENCES "properties_property" ("id") DEFERRABLE INITIALLY DEFERRED);
CREATE UNIQUE INDEX "django_content_type_app_label_model_76bd3d3b_uniq" ON "django_content_type" ("app_label", "model");
CREATE UNIQUE INDEX "auth_group_permissions_group_id_permission_id_0cd325b0_uniq" ON "auth_group_permissions" ("group_id", "permission_id");
CREATE INDEX IF NOT EXISTS "auth_group_permissions_group_id_b120cbf9" ON "auth_group_permissions" ("group_id");
CREATE INDEX IF NOT EXISTS "auth_group_permissions_permission_id_84c5c92e" ON "auth_group_permissions" ("permission_id");
CREATE UNIQUE INDEX "auth_permission_content_type_id_codename_01ab375a_uniq" ON "auth_permission" ("content_type_id", "codename");
CREATE INDEX IF NOT EXISTS "auth_permission_content_type_id_2f476e4b" ON "auth_permission" ("content_type_id");
CREATE UNIQUE INDEX "accounts_customuser_groups_customuser_id_group_id_c074bdcb_uniq" ON "accounts_customuser_groups" ("customuser_id", "group_id");
CREATE INDEX IF NOT EXISTS "accounts_customuser_groups_customuser_id_bc55088e" ON "accounts_customuser_groups" ("customuser_id");
CREATE INDEX IF NOT EXISTS "accounts_customuser_groups_group_id_86ba5f9e" ON "accounts_customuser_groups" ("group_id");
CREATE UNIQUE INDEX "accounts_customuser_user_permissions_customuser_id_permission_id_9632a709_uniq" ON "accounts_customuser_user_permissions" ("customuser_id", "permission_id");
CREATE INDEX IF NOT EXISTS "accounts_customuser_user_permissions_customuser_id_0deaefae" ON "accounts_customuser_user_permissions" ("customuser_id");
CREATE INDEX IF NOT EXISTS "accounts_customuser_user_permissions_permission_id_aea3d0e5" ON "accounts_customuser_user_permissions" ("permission_id");
CREATE INDEX IF NOT EXISTS "django_admin_log_content_type_id_c4bce8eb" ON "django_admin_log" ("content_type_id");
CREATE INDEX IF NOT EXISTS "django_admin_log_user_id_c564eba6" ON "django_admin_log" ("user_id");
CREATE UNIQUE INDEX "newsletters_newsletter_email_newsletter_id_newsletteruser_id_729391df_uniq" ON "newsletters_newsletter_email" ("newsletter_id", "newsletteruser_id");
CREATE INDEX IF NOT EXISTS "newsletters_newsletter_email_newsletter_id_86f76210" ON "newsletters_newsletter_email" ("newsletter_id");
CREATE INDEX IF NOT EXISTS "newsletters_newsletter_email_newsletteruser_id_c7b00502" ON "newsletters_newsletter_email" ("newsletteruser_id");
CREATE INDEX IF NOT EXISTS "properties_urbansite_property_id_0f9e3592" ON "properties_urbansite" ("property_id");
CREATE INDEX IF NOT EXISTS "properties_shop_property_id_10ac3c0d" ON "properties_shop" ("property_id");
CREATE INDEX IF NOT EXISTS "properties_propertyimage_property_id_883194e7" ON "properties_propertyimage" ("property_id");
CREATE INDEX IF NOT EXISTS "properties_propertycontact_property_id_49ac3914" ON "properties_propertycontact" ("property_id");
CREATE INDEX IF NOT EXISTS "properties_property_commune_id_948414dc" ON "properties_property" ("commune_id");
CREATE INDEX IF NOT EXISTS "properties_property_region_id_bdc9e684" ON "properties_property" ("region_id");
CREATE INDEX IF NOT EXISTS "properties_property_user_id_d65e9a67" ON "properties_property" ("user_id");
CREATE INDEX IF NOT EXISTS "properties_parcel_property_id_3ce4d875" ON "properties_parcel" ("property_id");
CREATE INDEX IF NOT EXISTS "properties_office_property_id_02ceab57" ON "properties_office" ("property_id");
CREATE INDEX IF NOT EXISTS "properties_industrial_property_id_ceb76305" ON "properties_industrial" ("property_id");
CREATE INDEX IF NOT EXISTS "properties_house_property_id_cd7f08ea" ON "properties_house" ("property_id");
CREATE INDEX IF NOT EXISTS "properties_commune_location_slug_e136a79f" ON "properties_commune" ("location_slug");
CREATE INDEX IF NOT EXISTS "properties_commune_region_id_5570bcad" ON "properties_commune" ("region_id");
CREATE INDEX IF NOT EXISTS "properties_cellar_property_id_fabcf2b9" ON "properties_cellar" ("property_id");
CREATE INDEX IF NOT EXISTS "properties_apartment_property_id_b78dace9" ON "properties_apartment" ("property_id");
CREATE INDEX IF NOT EXISTS "django_session_expire_date_a5c62663" ON "django_session" ("expire_date");
CREATE INDEX IF NOT EXISTS "properties_publication_owner_id_855dd835" ON "properties_publication" ("owner_id");
CREATE INDEX IF NOT EXISTS "properties_publication_property_id_0ee40f95" ON "properties_publication" ("property_id");
CREATE INDEX IF NOT EXISTS "properties_publication_realtor_id_2ed80779" ON "properties_publication" ("realtor_id");
CREATE INDEX IF NOT EXISTS "properties_publication_user_id_01528e25" ON "properties_publication" ("user_id");
CREATE UNIQUE INDEX "properties_publication_views_publication_id_ipvisitor_id_01380f72_uniq" ON "properties_publication_views" ("publication_id", "ipvisitor_id");
CREATE INDEX IF NOT EXISTS "properties_publication_views_publication_id_2f3e43dc" ON "properties_publication_views" ("publication_id");
CREATE INDEX IF NOT EXISTS "properties_publication_views_ipvisitor_id_5a957899" ON "properties_publication_views" ("ipvisitor_id");
CREATE TABLE IF NOT EXISTS "properties_ipvisitor" ("id" integer NOT NULL PRIMARY KEY AUTOINCREMENT, "state" bool NOT NULL, "created" date NOT NULL, "modified" date NOT NULL, "ip" varchar(100) NOT NULL);
INSERT INTO "properties_ipvisitor" VALUES(1,1,'2023-02-23','2023-02-23','127.0.0.1');
CREATE UNIQUE INDEX "django_content_type_app_label_model_76bd3d3b_uniq" ON "django_content_type" ("app_label", "model");
CREATE UNIQUE INDEX "auth_group_permissions_group_id_permission_id_0cd325b0_uniq" ON "auth_group_permissions" ("group_id", "permission_id");
CREATE INDEX IF NOT EXISTS "auth_group_permissions_group_id_b120cbf9" ON "auth_group_permissions" ("group_id");
CREATE INDEX IF NOT EXISTS "auth_group_permissions_permission_id_84c5c92e" ON "auth_group_permissions" ("permission_id");
CREATE UNIQUE INDEX "auth_permission_content_type_id_codename_01ab375a_uniq" ON "auth_permission" ("content_type_id", "codename");
CREATE INDEX IF NOT EXISTS "auth_permission_content_type_id_2f476e4b" ON "auth_permission" ("content_type_id");
CREATE UNIQUE INDEX "accounts_customuser_groups_customuser_id_group_id_c074bdcb_uniq" ON "accounts_customuser_groups" ("customuser_id", "group_id");
CREATE INDEX IF NOT EXISTS "accounts_customuser_groups_customuser_id_bc55088e" ON "accounts_customuser_groups" ("customuser_id");
CREATE INDEX IF NOT EXISTS "accounts_customuser_groups_group_id_86ba5f9e" ON "accounts_customuser_groups" ("group_id");
CREATE UNIQUE INDEX "accounts_customuser_user_permissions_customuser_id_permission_id_9632a709_uniq" ON "accounts_customuser_user_permissions" ("customuser_id", "permission_id");
CREATE INDEX IF NOT EXISTS "accounts_customuser_user_permissions_customuser_id_0deaefae" ON "accounts_customuser_user_permissions" ("customuser_id");
CREATE INDEX IF NOT EXISTS "accounts_customuser_user_permissions_permission_id_aea3d0e5" ON "accounts_customuser_user_permissions" ("permission_id");
CREATE INDEX IF NOT EXISTS "django_admin_log_content_type_id_c4bce8eb" ON "django_admin_log" ("content_type_id");
CREATE INDEX IF NOT EXISTS "django_admin_log_user_id_c564eba6" ON "django_admin_log" ("user_id");
CREATE UNIQUE INDEX "newsletters_newsletter_email_newsletter_id_newsletteruser_id_729391df_uniq" ON "newsletters_newsletter_email" ("newsletter_id", "newsletteruser_id");
CREATE INDEX IF NOT EXISTS "newsletters_newsletter_email_newsletter_id_86f76210" ON "newsletters_newsletter_email" ("newsletter_id");
CREATE INDEX IF NOT EXISTS "newsletters_newsletter_email_newsletteruser_id_c7b00502" ON "newsletters_newsletter_email" ("newsletteruser_id");
CREATE INDEX IF NOT EXISTS "properties_urbansite_property_id_0f9e3592" ON "properties_urbansite" ("property_id");
CREATE INDEX IF NOT EXISTS "properties_shop_property_id_10ac3c0d" ON "properties_shop" ("property_id");
CREATE INDEX IF NOT EXISTS "properties_propertyimage_property_id_883194e7" ON "properties_propertyimage" ("property_id");
CREATE INDEX IF NOT EXISTS "properties_propertycontact_property_id_49ac3914" ON "properties_propertycontact" ("property_id");
CREATE INDEX IF NOT EXISTS "properties_property_commune_id_948414dc" ON "properties_property" ("commune_id");
CREATE INDEX IF NOT EXISTS "properties_property_region_id_bdc9e684" ON "properties_property" ("region_id");
CREATE INDEX IF NOT EXISTS "properties_property_user_id_d65e9a67" ON "properties_property" ("user_id");
CREATE INDEX IF NOT EXISTS "properties_parcel_property_id_3ce4d875" ON "properties_parcel" ("property_id");
CREATE INDEX IF NOT EXISTS "properties_office_property_id_02ceab57" ON "properties_office" ("property_id");
CREATE INDEX IF NOT EXISTS "properties_industrial_property_id_ceb76305" ON "properties_industrial" ("property_id");
CREATE INDEX IF NOT EXISTS "properties_house_property_id_cd7f08ea" ON "properties_house" ("property_id");
CREATE INDEX IF NOT EXISTS "properties_commune_location_slug_e136a79f" ON "properties_commune" ("location_slug");
CREATE INDEX IF NOT EXISTS "properties_commune_region_id_5570bcad" ON "properties_commune" ("region_id");
CREATE INDEX IF NOT EXISTS "properties_cellar_property_id_fabcf2b9" ON "properties_cellar" ("property_id");
CREATE INDEX IF NOT EXISTS "properties_apartment_property_id_b78dace9" ON "properties_apartment" ("property_id");
CREATE INDEX IF NOT EXISTS "django_session_expire_date_a5c62663" ON "django_session" ("expire_date");
CREATE INDEX IF NOT EXISTS "properties_publication_owner_id_855dd835" ON "properties_publication" ("owner_id");
CREATE INDEX IF NOT EXISTS "properties_publication_property_id_0ee40f95" ON "properties_publication" ("property_id");
CREATE INDEX IF NOT EXISTS "properties_publication_realtor_id_2ed80779" ON "properties_publication" ("realtor_id");
CREATE INDEX IF NOT EXISTS "properties_publication_user_id_01528e25" ON "properties_publication" ("user_id");
CREATE UNIQUE INDEX "properties_publication_views_publication_id_ipvisitor_id_01380f72_uniq" ON "properties_publication_views" ("publication_id", "ipvisitor_id");
CREATE INDEX IF NOT EXISTS "properties_publication_views_publication_id_2f3e43dc" ON "properties_publication_views" ("publication_id");
CREATE INDEX IF NOT EXISTS "properties_publication_views_ipvisitor_id_5a957899" ON "properties_publication_views" ("ipvisitor_id");
CREATE TABLE IF NOT EXISTS "properties_office" ("id" integer NOT NULL PRIMARY KEY AUTOINCREMENT, "state" bool NOT NULL, "created" date NOT NULL, "modified" date NOT NULL, "land_surface" integer unsigned NULL CHECK ("land_surface" >= 0), "builded_surface" integer unsigned NOT NULL CHECK ("builded_surface" >= 0), "num_offices" varchar(2) NOT NULL, "num_bathrooms" varchar(2) NOT NULL, "num_parkings" varchar(2) NULL, "num_cellars" varchar(2) NULL, "num_floors" varchar(2) NULL, "num_local" varchar(20) NOT NULL, "builded_year" integer unsigned NULL CHECK ("builded_year" >= 0), "distribution" varchar(250) NOT NULL, "service" varchar(250) NOT NULL, "kitchen" varchar(250) NOT NULL, "property_id" bigint NULL REFERENCES "properties_property" ("id") DEFERRABLE INITIALLY DEFERRED);
CREATE UNIQUE INDEX "django_content_type_app_label_model_76bd3d3b_uniq" ON "django_content_type" ("app_label", "model");
CREATE UNIQUE INDEX "auth_group_permissions_group_id_permission_id_0cd325b0_uniq" ON "auth_group_permissions" ("group_id", "permission_id");
CREATE INDEX IF NOT EXISTS "auth_group_permissions_group_id_b120cbf9" ON "auth_group_permissions" ("group_id");
CREATE INDEX IF NOT EXISTS "auth_group_permissions_permission_id_84c5c92e" ON "auth_group_permissions" ("permission_id");
CREATE UNIQUE INDEX "auth_permission_content_type_id_codename_01ab375a_uniq" ON "auth_permission" ("content_type_id", "codename");
CREATE INDEX IF NOT EXISTS "auth_permission_content_type_id_2f476e4b" ON "auth_permission" ("content_type_id");
CREATE UNIQUE INDEX "accounts_customuser_groups_customuser_id_group_id_c074bdcb_uniq" ON "accounts_customuser_groups" ("customuser_id", "group_id");
CREATE INDEX IF NOT EXISTS "accounts_customuser_groups_customuser_id_bc55088e" ON "accounts_customuser_groups" ("customuser_id");
CREATE INDEX IF NOT EXISTS "accounts_customuser_groups_group_id_86ba5f9e" ON "accounts_customuser_groups" ("group_id");
CREATE UNIQUE INDEX "accounts_customuser_user_permissions_customuser_id_permission_id_9632a709_uniq" ON "accounts_customuser_user_permissions" ("customuser_id", "permission_id");
CREATE INDEX IF NOT EXISTS "accounts_customuser_user_permissions_customuser_id_0deaefae" ON "accounts_customuser_user_permissions" ("customuser_id");
CREATE INDEX IF NOT EXISTS "accounts_customuser_user_permissions_permission_id_aea3d0e5" ON "accounts_customuser_user_permissions" ("permission_id");
CREATE INDEX IF NOT EXISTS "django_admin_log_content_type_id_c4bce8eb" ON "django_admin_log" ("content_type_id");
CREATE INDEX IF NOT EXISTS "django_admin_log_user_id_c564eba6" ON "django_admin_log" ("user_id");
CREATE UNIQUE INDEX "newsletters_newsletter_email_newsletter_id_newsletteruser_id_729391df_uniq" ON "newsletters_newsletter_email" ("newsletter_id", "newsletteruser_id");
CREATE INDEX IF NOT EXISTS "newsletters_newsletter_email_newsletter_id_86f76210" ON "newsletters_newsletter_email" ("newsletter_id");
CREATE INDEX IF NOT EXISTS "newsletters_newsletter_email_newsletteruser_id_c7b00502" ON "newsletters_newsletter_email" ("newsletteruser_id");
CREATE INDEX IF NOT EXISTS "properties_urbansite_property_id_0f9e3592" ON "properties_urbansite" ("property_id");
CREATE INDEX IF NOT EXISTS "properties_shop_property_id_10ac3c0d" ON "properties_shop" ("property_id");
CREATE INDEX IF NOT EXISTS "properties_propertyimage_property_id_883194e7" ON "properties_propertyimage" ("property_id");
CREATE INDEX IF NOT EXISTS "properties_propertycontact_property_id_49ac3914" ON "properties_propertycontact" ("property_id");
CREATE INDEX IF NOT EXISTS "properties_property_commune_id_948414dc" ON "properties_property" ("commune_id");
CREATE INDEX IF NOT EXISTS "properties_property_region_id_bdc9e684" ON "properties_property" ("region_id");
CREATE INDEX IF NOT EXISTS "properties_property_user_id_d65e9a67" ON "properties_property" ("user_id");
CREATE INDEX IF NOT EXISTS "properties_parcel_property_id_3ce4d875" ON "properties_parcel" ("property_id");
CREATE INDEX IF NOT EXISTS "properties_office_property_id_02ceab57" ON "properties_office" ("property_id");
CREATE INDEX IF NOT EXISTS "properties_industrial_property_id_ceb76305" ON "properties_industrial" ("property_id");
CREATE INDEX IF NOT EXISTS "properties_house_property_id_cd7f08ea" ON "properties_house" ("property_id");
CREATE INDEX IF NOT EXISTS "properties_commune_location_slug_e136a79f" ON "properties_commune" ("location_slug");
CREATE INDEX IF NOT EXISTS "properties_commune_region_id_5570bcad" ON "properties_commune" ("region_id");
CREATE INDEX IF NOT EXISTS "properties_cellar_property_id_fabcf2b9" ON "properties_cellar" ("property_id");
CREATE INDEX IF NOT EXISTS "properties_apartment_property_id_b78dace9" ON "properties_apartment" ("property_id");
CREATE INDEX IF NOT EXISTS "django_session_expire_date_a5c62663" ON "django_session" ("expire_date");
CREATE INDEX IF NOT EXISTS "properties_publication_owner_id_855dd835" ON "properties_publication" ("owner_id");
CREATE INDEX IF NOT EXISTS "properties_publication_property_id_0ee40f95" ON "properties_publication" ("property_id");
CREATE INDEX IF NOT EXISTS "properties_publication_realtor_id_2ed80779" ON "properties_publication" ("realtor_id");
CREATE INDEX IF NOT EXISTS "properties_publication_user_id_01528e25" ON "properties_publication" ("user_id");
CREATE UNIQUE INDEX "properties_publication_views_publication_id_ipvisitor_id_01380f72_uniq" ON "properties_publication_views" ("publication_id", "ipvisitor_id");
CREATE INDEX IF NOT EXISTS "properties_publication_views_publication_id_2f3e43dc" ON "properties_publication_views" ("publication_id");
CREATE INDEX IF NOT EXISTS "properties_publication_views_ipvisitor_id_5a957899" ON "properties_publication_views" ("ipvisitor_id");
CREATE TABLE IF NOT EXISTS "properties_owner" ("id" integer NOT NULL PRIMARY KEY AUTOINCREMENT, "state" bool NOT NULL, "created" date NOT NULL, "modified" date NOT NULL, "name" varchar(200) NOT NULL, "rut" varchar(15) NOT NULL, "phone1" varchar(9) NOT NULL, "phone2" varchar(9) NOT NULL, "email" varchar(150) NOT NULL);
INSERT INTO "properties_owner" VALUES(1,0,'2023-02-24','2023-02-26','manuel','189994745','923423432','','manu@gmail.com');
INSERT INTO "properties_owner" VALUES(2,1,'2023-02-25','2023-02-25','loro','189994745','9234234','','loro@gmail.com');
CREATE UNIQUE INDEX "django_content_type_app_label_model_76bd3d3b_uniq" ON "django_content_type" ("app_label", "model");
CREATE UNIQUE INDEX "auth_group_permissions_group_id_permission_id_0cd325b0_uniq" ON "auth_group_permissions" ("group_id", "permission_id");
CREATE INDEX IF NOT EXISTS "auth_group_permissions_group_id_b120cbf9" ON "auth_group_permissions" ("group_id");
CREATE INDEX IF NOT EXISTS "auth_group_permissions_permission_id_84c5c92e" ON "auth_group_permissions" ("permission_id");
CREATE UNIQUE INDEX "auth_permission_content_type_id_codename_01ab375a_uniq" ON "auth_permission" ("content_type_id", "codename");
CREATE INDEX IF NOT EXISTS "auth_permission_content_type_id_2f476e4b" ON "auth_permission" ("content_type_id");
CREATE UNIQUE INDEX "accounts_customuser_groups_customuser_id_group_id_c074bdcb_uniq" ON "accounts_customuser_groups" ("customuser_id", "group_id");
CREATE INDEX IF NOT EXISTS "accounts_customuser_groups_customuser_id_bc55088e" ON "accounts_customuser_groups" ("customuser_id");
CREATE INDEX IF NOT EXISTS "accounts_customuser_groups_group_id_86ba5f9e" ON "accounts_customuser_groups" ("group_id");
CREATE UNIQUE INDEX "accounts_customuser_user_permissions_customuser_id_permission_id_9632a709_uniq" ON "accounts_customuser_user_permissions" ("customuser_id", "permission_id");
CREATE INDEX IF NOT EXISTS "accounts_customuser_user_permissions_customuser_id_0deaefae" ON "accounts_customuser_user_permissions" ("customuser_id");
CREATE INDEX IF NOT EXISTS "accounts_customuser_user_permissions_permission_id_aea3d0e5" ON "accounts_customuser_user_permissions" ("permission_id");
CREATE INDEX IF NOT EXISTS "django_admin_log_content_type_id_c4bce8eb" ON "django_admin_log" ("content_type_id");
CREATE INDEX IF NOT EXISTS "django_admin_log_user_id_c564eba6" ON "django_admin_log" ("user_id");
CREATE UNIQUE INDEX "newsletters_newsletter_email_newsletter_id_newsletteruser_id_729391df_uniq" ON "newsletters_newsletter_email" ("newsletter_id", "newsletteruser_id");
CREATE INDEX IF NOT EXISTS "newsletters_newsletter_email_newsletter_id_86f76210" ON "newsletters_newsletter_email" ("newsletter_id");
CREATE INDEX IF NOT EXISTS "newsletters_newsletter_email_newsletteruser_id_c7b00502" ON "newsletters_newsletter_email" ("newsletteruser_id");
CREATE INDEX IF NOT EXISTS "properties_urbansite_property_id_0f9e3592" ON "properties_urbansite" ("property_id");
CREATE INDEX IF NOT EXISTS "properties_shop_property_id_10ac3c0d" ON "properties_shop" ("property_id");
CREATE INDEX IF NOT EXISTS "properties_propertyimage_property_id_883194e7" ON "properties_propertyimage" ("property_id");
CREATE INDEX IF NOT EXISTS "properties_propertycontact_property_id_49ac3914" ON "properties_propertycontact" ("property_id");
CREATE INDEX IF NOT EXISTS "properties_property_commune_id_948414dc" ON "properties_property" ("commune_id");
CREATE INDEX IF NOT EXISTS "properties_property_region_id_bdc9e684" ON "properties_property" ("region_id");
CREATE INDEX IF NOT EXISTS "properties_property_user_id_d65e9a67" ON "properties_property" ("user_id");
CREATE INDEX IF NOT EXISTS "properties_parcel_property_id_3ce4d875" ON "properties_parcel" ("property_id");
CREATE INDEX IF NOT EXISTS "properties_office_property_id_02ceab57" ON "properties_office" ("property_id");
CREATE INDEX IF NOT EXISTS "properties_industrial_property_id_ceb76305" ON "properties_industrial" ("property_id");
CREATE INDEX IF NOT EXISTS "properties_house_property_id_cd7f08ea" ON "properties_house" ("property_id");
CREATE INDEX IF NOT EXISTS "properties_commune_location_slug_e136a79f" ON "properties_commune" ("location_slug");
CREATE INDEX IF NOT EXISTS "properties_commune_region_id_5570bcad" ON "properties_commune" ("region_id");
CREATE INDEX IF NOT EXISTS "properties_cellar_property_id_fabcf2b9" ON "properties_cellar" ("property_id");
CREATE INDEX IF NOT EXISTS "properties_apartment_property_id_b78dace9" ON "properties_apartment" ("property_id");
CREATE INDEX IF NOT EXISTS "django_session_expire_date_a5c62663" ON "django_session" ("expire_date");
CREATE INDEX IF NOT EXISTS "properties_publication_owner_id_855dd835" ON "properties_publication" ("owner_id");
CREATE INDEX IF NOT EXISTS "properties_publication_property_id_0ee40f95" ON "properties_publication" ("property_id");
CREATE INDEX IF NOT EXISTS "properties_publication_realtor_id_2ed80779" ON "properties_publication" ("realtor_id");
CREATE INDEX IF NOT EXISTS "properties_publication_user_id_01528e25" ON "properties_publication" ("user_id");
CREATE UNIQUE INDEX "properties_publication_views_publication_id_ipvisitor_id_01380f72_uniq" ON "properties_publication_views" ("publication_id", "ipvisitor_id");
CREATE INDEX IF NOT EXISTS "properties_publication_views_publication_id_2f3e43dc" ON "properties_publication_views" ("publication_id");
CREATE INDEX IF NOT EXISTS "properties_publication_views_ipvisitor_id_5a957899" ON "properties_publication_views" ("ipvisitor_id");
CREATE TABLE IF NOT EXISTS "properties_parcel" ("id" integer NOT NULL PRIMARY KEY AUTOINCREMENT, "state" bool NOT NULL, "created" date NOT NULL, "modified" date NOT NULL, "land_surface" integer unsigned NOT NULL CHECK ("land_surface" >= 0), "num_cellars" varchar(2) NULL, "num_lot" varchar(20) NOT NULL, "sector" varchar(250) NOT NULL, "water_feasibility" varchar(2) NOT NULL, "electricity_feasibility" varchar(2) NOT NULL, "sewer_feasibility" varchar(2) NOT NULL, "gas_feasibility" varchar(2) NOT NULL, "feasibility" text NOT NULL, "property_id" bigint NULL REFERENCES "properties_property" ("id") DEFERRABLE INITIALLY DEFERRED);
INSERT INTO "properties_parcel" VALUES(1,1,'2023-02-24','2023-02-24',500,'5','32232','las gaviotas','no','si','no','no','sdasdasdas',5);
CREATE UNIQUE INDEX "django_content_type_app_label_model_76bd3d3b_uniq" ON "django_content_type" ("app_label", "model");
CREATE UNIQUE INDEX "auth_group_permissions_group_id_permission_id_0cd325b0_uniq" ON "auth_group_permissions" ("group_id", "permission_id");
CREATE INDEX IF NOT EXISTS "auth_group_permissions_group_id_b120cbf9" ON "auth_group_permissions" ("group_id");
CREATE INDEX IF NOT EXISTS "auth_group_permissions_permission_id_84c5c92e" ON "auth_group_permissions" ("permission_id");
CREATE UNIQUE INDEX "auth_permission_content_type_id_codename_01ab375a_uniq" ON "auth_permission" ("content_type_id", "codename");
CREATE INDEX IF NOT EXISTS "auth_permission_content_type_id_2f476e4b" ON "auth_permission" ("content_type_id");
CREATE UNIQUE INDEX "accounts_customuser_groups_customuser_id_group_id_c074bdcb_uniq" ON "accounts_customuser_groups" ("customuser_id", "group_id");
CREATE INDEX IF NOT EXISTS "accounts_customuser_groups_customuser_id_bc55088e" ON "accounts_customuser_groups" ("customuser_id");
CREATE INDEX IF NOT EXISTS "accounts_customuser_groups_group_id_86ba5f9e" ON "accounts_customuser_groups" ("group_id");
CREATE UNIQUE INDEX "accounts_customuser_user_permissions_customuser_id_permission_id_9632a709_uniq" ON "accounts_customuser_user_permissions" ("customuser_id", "permission_id");
CREATE INDEX IF NOT EXISTS "accounts_customuser_user_permissions_customuser_id_0deaefae" ON "accounts_customuser_user_permissions" ("customuser_id");
CREATE INDEX IF NOT EXISTS "accounts_customuser_user_permissions_permission_id_aea3d0e5" ON "accounts_customuser_user_permissions" ("permission_id");
CREATE INDEX IF NOT EXISTS "django_admin_log_content_type_id_c4bce8eb" ON "django_admin_log" ("content_type_id");
CREATE INDEX IF NOT EXISTS "django_admin_log_user_id_c564eba6" ON "django_admin_log" ("user_id");
CREATE UNIQUE INDEX "newsletters_newsletter_email_newsletter_id_newsletteruser_id_729391df_uniq" ON "newsletters_newsletter_email" ("newsletter_id", "newsletteruser_id");
CREATE INDEX IF NOT EXISTS "newsletters_newsletter_email_newsletter_id_86f76210" ON "newsletters_newsletter_email" ("newsletter_id");
CREATE INDEX IF NOT EXISTS "newsletters_newsletter_email_newsletteruser_id_c7b00502" ON "newsletters_newsletter_email" ("newsletteruser_id");
CREATE INDEX IF NOT EXISTS "properties_urbansite_property_id_0f9e3592" ON "properties_urbansite" ("property_id");
CREATE INDEX IF NOT EXISTS "properties_shop_property_id_10ac3c0d" ON "properties_shop" ("property_id");
CREATE INDEX IF NOT EXISTS "properties_propertyimage_property_id_883194e7" ON "properties_propertyimage" ("property_id");
CREATE INDEX IF NOT EXISTS "properties_propertycontact_property_id_49ac3914" ON "properties_propertycontact" ("property_id");
CREATE INDEX IF NOT EXISTS "properties_property_commune_id_948414dc" ON "properties_property" ("commune_id");
CREATE INDEX IF NOT EXISTS "properties_property_region_id_bdc9e684" ON "properties_property" ("region_id");
CREATE INDEX IF NOT EXISTS "properties_property_user_id_d65e9a67" ON "properties_property" ("user_id");
CREATE INDEX IF NOT EXISTS "properties_parcel_property_id_3ce4d875" ON "properties_parcel" ("property_id");
CREATE INDEX IF NOT EXISTS "properties_office_property_id_02ceab57" ON "properties_office" ("property_id");
CREATE INDEX IF NOT EXISTS "properties_industrial_property_id_ceb76305" ON "properties_industrial" ("property_id");
CREATE INDEX IF NOT EXISTS "properties_house_property_id_cd7f08ea" ON "properties_house" ("property_id");
CREATE INDEX IF NOT EXISTS "properties_commune_location_slug_e136a79f" ON "properties_commune" ("location_slug");
CREATE INDEX IF NOT EXISTS "properties_commune_region_id_5570bcad" ON "properties_commune" ("region_id");
CREATE INDEX IF NOT EXISTS "properties_cellar_property_id_fabcf2b9" ON "properties_cellar" ("property_id");
CREATE INDEX IF NOT EXISTS "properties_apartment_property_id_b78dace9" ON "properties_apartment" ("property_id");
CREATE INDEX IF NOT EXISTS "django_session_expire_date_a5c62663" ON "django_session" ("expire_date");
CREATE INDEX IF NOT EXISTS "properties_publication_owner_id_855dd835" ON "properties_publication" ("owner_id");
CREATE INDEX IF NOT EXISTS "properties_publication_property_id_0ee40f95" ON "properties_publication" ("property_id");
CREATE INDEX IF NOT EXISTS "properties_publication_realtor_id_2ed80779" ON "properties_publication" ("realtor_id");
CREATE INDEX IF NOT EXISTS "properties_publication_user_id_01528e25" ON "properties_publication" ("user_id");
CREATE UNIQUE INDEX "properties_publication_views_publication_id_ipvisitor_id_01380f72_uniq" ON "properties_publication_views" ("publication_id", "ipvisitor_id");
CREATE INDEX IF NOT EXISTS "properties_publication_views_publication_id_2f3e43dc" ON "properties_publication_views" ("publication_id");
CREATE INDEX IF NOT EXISTS "properties_publication_views_ipvisitor_id_5a957899" ON "properties_publication_views" ("ipvisitor_id");
CREATE TABLE IF NOT EXISTS "properties_property" ("id" integer NOT NULL PRIMARY KEY AUTOINCREMENT, "state" bool NOT NULL, "created" date NOT NULL, "modified" date NOT NULL, "property_type" varchar(2) NOT NULL, "publish_type" varchar(2) NOT NULL, "title" varchar(100) NOT NULL, "description" text NOT NULL, "common_expenses" integer unsigned NULL CHECK ("common_expenses" >= 0), "google_url" text NULL, "video_url" varchar(200) NULL, "is_new" bool NOT NULL, "is_active" bool NOT NULL, "street_address" varchar(50) NOT NULL, "street_number" varchar(50) NOT NULL, "num_roll" varchar(50) NOT NULL, "slug" varchar(50) NOT NULL UNIQUE, "uuid" char(32) NOT NULL UNIQUE, "commune_id" bigint NOT NULL REFERENCES "properties_commune" ("id") DEFERRABLE INITIALLY DEFERRED, "region_id" bigint NOT NULL REFERENCES "properties_region" ("id") DEFERRABLE INITIALLY DEFERRED, "user_id" bigint NOT NULL REFERENCES "accounts_customuser" ("id") DEFERRABLE INITIALLY DEFERRED);
INSERT INTO "properties_property" VALUES(5,0,'2023-02-24','2023-02-26','pa','ve','Waewaewae','awewaeawe',3000,'',NULL,0,0,'ewqeqwe','2323','24242','waewaewae','67dbfcdb529e44df9d5eff68c6c3718d',585,11,1);
INSERT INTO "properties_property" VALUES(6,1,'2023-02-25','2023-03-04','lc','ar','Ewrewrewr','erwrewr',NULL,'',NULL,1,0,'werewrewr','343434','asas','ewrewrewr','ba97c4651af64133833bf78f773c3fe6',463,6,1);
INSERT INTO "properties_property" VALUES(7,1,'2023-02-26','2023-02-26','ca','ve','Weqeqwewqe','qweqwewq',NULL,'',NULL,0,0,'qwewqe','232q','4324234','weqeqwewqe','14a9181e48354e6c9c946163eec2d068',464,6,1);
CREATE UNIQUE INDEX "django_content_type_app_label_model_76bd3d3b_uniq" ON "django_content_type" ("app_label", "model");
CREATE UNIQUE INDEX "auth_group_permissions_group_id_permission_id_0cd325b0_uniq" ON "auth_group_permissions" ("group_id", "permission_id");
CREATE INDEX IF NOT EXISTS "auth_group_permissions_group_id_b120cbf9" ON "auth_group_permissions" ("group_id");
CREATE INDEX IF NOT EXISTS "auth_group_permissions_permission_id_84c5c92e" ON "auth_group_permissions" ("permission_id");
CREATE UNIQUE INDEX "auth_permission_content_type_id_codename_01ab375a_uniq" ON "auth_permission" ("content_type_id", "codename");
CREATE INDEX IF NOT EXISTS "auth_permission_content_type_id_2f476e4b" ON "auth_permission" ("content_type_id");
CREATE UNIQUE INDEX "accounts_customuser_groups_customuser_id_group_id_c074bdcb_uniq" ON "accounts_customuser_groups" ("customuser_id", "group_id");
CREATE INDEX IF NOT EXISTS "accounts_customuser_groups_customuser_id_bc55088e" ON "accounts_customuser_groups" ("customuser_id");
CREATE INDEX IF NOT EXISTS "accounts_customuser_groups_group_id_86ba5f9e" ON "accounts_customuser_groups" ("group_id");
CREATE UNIQUE INDEX "accounts_customuser_user_permissions_customuser_id_permission_id_9632a709_uniq" ON "accounts_customuser_user_permissions" ("customuser_id", "permission_id");
CREATE INDEX IF NOT EXISTS "accounts_customuser_user_permissions_customuser_id_0deaefae" ON "accounts_customuser_user_permissions" ("customuser_id");
CREATE INDEX IF NOT EXISTS "accounts_customuser_user_permissions_permission_id_aea3d0e5" ON "accounts_customuser_user_permissions" ("permission_id");
CREATE INDEX IF NOT EXISTS "django_admin_log_content_type_id_c4bce8eb" ON "django_admin_log" ("content_type_id");
CREATE INDEX IF NOT EXISTS "django_admin_log_user_id_c564eba6" ON "django_admin_log" ("user_id");
CREATE UNIQUE INDEX "newsletters_newsletter_email_newsletter_id_newsletteruser_id_729391df_uniq" ON "newsletters_newsletter_email" ("newsletter_id", "newsletteruser_id");
CREATE INDEX IF NOT EXISTS "newsletters_newsletter_email_newsletter_id_86f76210" ON "newsletters_newsletter_email" ("newsletter_id");
CREATE INDEX IF NOT EXISTS "newsletters_newsletter_email_newsletteruser_id_c7b00502" ON "newsletters_newsletter_email" ("newsletteruser_id");
CREATE INDEX IF NOT EXISTS "properties_urbansite_property_id_0f9e3592" ON "properties_urbansite" ("property_id");
CREATE INDEX IF NOT EXISTS "properties_shop_property_id_10ac3c0d" ON "properties_shop" ("property_id");
CREATE INDEX IF NOT EXISTS "properties_propertyimage_property_id_883194e7" ON "properties_propertyimage" ("property_id");
CREATE INDEX IF NOT EXISTS "properties_propertycontact_property_id_49ac3914" ON "properties_propertycontact" ("property_id");
CREATE INDEX IF NOT EXISTS "properties_property_commune_id_948414dc" ON "properties_property" ("commune_id");
CREATE INDEX IF NOT EXISTS "properties_property_region_id_bdc9e684" ON "properties_property" ("region_id");
CREATE INDEX IF NOT EXISTS "properties_property_user_id_d65e9a67" ON "properties_property" ("user_id");
CREATE INDEX IF NOT EXISTS "properties_parcel_property_id_3ce4d875" ON "properties_parcel" ("property_id");
CREATE INDEX IF NOT EXISTS "properties_office_property_id_02ceab57" ON "properties_office" ("property_id");
CREATE INDEX IF NOT EXISTS "properties_industrial_property_id_ceb76305" ON "properties_industrial" ("property_id");
CREATE INDEX IF NOT EXISTS "properties_house_property_id_cd7f08ea" ON "properties_house" ("property_id");
CREATE INDEX IF NOT EXISTS "properties_commune_location_slug_e136a79f" ON "properties_commune" ("location_slug");
CREATE INDEX IF NOT EXISTS "properties_commune_region_id_5570bcad" ON "properties_commune" ("region_id");
CREATE INDEX IF NOT EXISTS "properties_cellar_property_id_fabcf2b9" ON "properties_cellar" ("property_id");
CREATE INDEX IF NOT EXISTS "properties_apartment_property_id_b78dace9" ON "properties_apartment" ("property_id");
CREATE INDEX IF NOT EXISTS "django_session_expire_date_a5c62663" ON "django_session" ("expire_date");
CREATE INDEX IF NOT EXISTS "properties_publication_owner_id_855dd835" ON "properties_publication" ("owner_id");
CREATE INDEX IF NOT EXISTS "properties_publication_property_id_0ee40f95" ON "properties_publication" ("property_id");
CREATE INDEX IF NOT EXISTS "properties_publication_realtor_id_2ed80779" ON "properties_publication" ("realtor_id");
CREATE INDEX IF NOT EXISTS "properties_publication_user_id_01528e25" ON "properties_publication" ("user_id");
CREATE UNIQUE INDEX "properties_publication_views_publication_id_ipvisitor_id_01380f72_uniq" ON "properties_publication_views" ("publication_id", "ipvisitor_id");
CREATE INDEX IF NOT EXISTS "properties_publication_views_publication_id_2f3e43dc" ON "properties_publication_views" ("publication_id");
CREATE INDEX IF NOT EXISTS "properties_publication_views_ipvisitor_id_5a957899" ON "properties_publication_views" ("ipvisitor_id");
CREATE TABLE IF NOT EXISTS "properties_propertycontact" ("id" integer NOT NULL PRIMARY KEY AUTOINCREMENT, "state" bool NOT NULL, "created" date NOT NULL, "modified" date NOT NULL, "name" varchar(200) NOT NULL, "from_email" varchar(50) NOT NULL, "phone" varchar(9) NOT NULL, "message" text NOT NULL, "property_id" bigint NOT NULL REFERENCES "properties_property" ("id") DEFERRABLE INITIALLY DEFERRED);
CREATE UNIQUE INDEX "django_content_type_app_label_model_76bd3d3b_uniq" ON "django_content_type" ("app_label", "model");
CREATE UNIQUE INDEX "auth_group_permissions_group_id_permission_id_0cd325b0_uniq" ON "auth_group_permissions" ("group_id", "permission_id");
CREATE INDEX IF NOT EXISTS "auth_group_permissions_group_id_b120cbf9" ON "auth_group_permissions" ("group_id");
CREATE INDEX IF NOT EXISTS "auth_group_permissions_permission_id_84c5c92e" ON "auth_group_permissions" ("permission_id");
CREATE UNIQUE INDEX "auth_permission_content_type_id_codename_01ab375a_uniq" ON "auth_permission" ("content_type_id", "codename");
CREATE INDEX IF NOT EXISTS "auth_permission_content_type_id_2f476e4b" ON "auth_permission" ("content_type_id");
CREATE UNIQUE INDEX "accounts_customuser_groups_customuser_id_group_id_c074bdcb_uniq" ON "accounts_customuser_groups" ("customuser_id", "group_id");
CREATE INDEX IF NOT EXISTS "accounts_customuser_groups_customuser_id_bc55088e" ON "accounts_customuser_groups" ("customuser_id");
CREATE INDEX IF NOT EXISTS "accounts_customuser_groups_group_id_86ba5f9e" ON "accounts_customuser_groups" ("group_id");
CREATE UNIQUE INDEX "accounts_customuser_user_permissions_customuser_id_permission_id_9632a709_uniq" ON "accounts_customuser_user_permissions" ("customuser_id", "permission_id");
CREATE INDEX IF NOT EXISTS "accounts_customuser_user_permissions_customuser_id_0deaefae" ON "accounts_customuser_user_permissions" ("customuser_id");
CREATE INDEX IF NOT EXISTS "accounts_customuser_user_permissions_permission_id_aea3d0e5" ON "accounts_customuser_user_permissions" ("permission_id");
CREATE INDEX IF NOT EXISTS "django_admin_log_content_type_id_c4bce8eb" ON "django_admin_log" ("content_type_id");
CREATE INDEX IF NOT EXISTS "django_admin_log_user_id_c564eba6" ON "django_admin_log" ("user_id");
CREATE UNIQUE INDEX "newsletters_newsletter_email_newsletter_id_newsletteruser_id_729391df_uniq" ON "newsletters_newsletter_email" ("newsletter_id", "newsletteruser_id");
CREATE INDEX IF NOT EXISTS "newsletters_newsletter_email_newsletter_id_86f76210" ON "newsletters_newsletter_email" ("newsletter_id");
CREATE INDEX IF NOT EXISTS "newsletters_newsletter_email_newsletteruser_id_c7b00502" ON "newsletters_newsletter_email" ("newsletteruser_id");
CREATE INDEX IF NOT EXISTS "properties_urbansite_property_id_0f9e3592" ON "properties_urbansite" ("property_id");
CREATE INDEX IF NOT EXISTS "properties_shop_property_id_10ac3c0d" ON "properties_shop" ("property_id");
CREATE INDEX IF NOT EXISTS "properties_propertyimage_property_id_883194e7" ON "properties_propertyimage" ("property_id");
CREATE INDEX IF NOT EXISTS "properties_propertycontact_property_id_49ac3914" ON "properties_propertycontact" ("property_id");
CREATE INDEX IF NOT EXISTS "properties_property_commune_id_948414dc" ON "properties_property" ("commune_id");
CREATE INDEX IF NOT EXISTS "properties_property_region_id_bdc9e684" ON "properties_property" ("region_id");
CREATE INDEX IF NOT EXISTS "properties_property_user_id_d65e9a67" ON "properties_property" ("user_id");
CREATE INDEX IF NOT EXISTS "properties_parcel_property_id_3ce4d875" ON "properties_parcel" ("property_id");
CREATE INDEX IF NOT EXISTS "properties_office_property_id_02ceab57" ON "properties_office" ("property_id");
CREATE INDEX IF NOT EXISTS "properties_industrial_property_id_ceb76305" ON "properties_industrial" ("property_id");
CREATE INDEX IF NOT EXISTS "properties_house_property_id_cd7f08ea" ON "properties_house" ("property_id");
CREATE INDEX IF NOT EXISTS "properties_commune_location_slug_e136a79f" ON "properties_commune" ("location_slug");
CREATE INDEX IF NOT EXISTS "properties_commune_region_id_5570bcad" ON "properties_commune" ("region_id");
CREATE INDEX IF NOT EXISTS "properties_cellar_property_id_fabcf2b9" ON "properties_cellar" ("property_id");
CREATE INDEX IF NOT EXISTS "properties_apartment_property_id_b78dace9" ON "properties_apartment" ("property_id");
CREATE INDEX IF NOT EXISTS "django_session_expire_date_a5c62663" ON "django_session" ("expire_date");
CREATE INDEX IF NOT EXISTS "properties_publication_owner_id_855dd835" ON "properties_publication" ("owner_id");
CREATE INDEX IF NOT EXISTS "properties_publication_property_id_0ee40f95" ON "properties_publication" ("property_id");
CREATE INDEX IF NOT EXISTS "properties_publication_realtor_id_2ed80779" ON "properties_publication" ("realtor_id");
CREATE INDEX IF NOT EXISTS "properties_publication_user_id_01528e25" ON "properties_publication" ("user_id");
CREATE UNIQUE INDEX "properties_publication_views_publication_id_ipvisitor_id_01380f72_uniq" ON "properties_publication_views" ("publication_id", "ipvisitor_id");
CREATE INDEX IF NOT EXISTS "properties_publication_views_publication_id_2f3e43dc" ON "properties_publication_views" ("publication_id");
CREATE INDEX IF NOT EXISTS "properties_publication_views_ipvisitor_id_5a957899" ON "properties_publication_views" ("ipvisitor_id");
CREATE TABLE IF NOT EXISTS "properties_propertyimage" ("id" integer NOT NULL PRIMARY KEY AUTOINCREMENT, "state" bool NOT NULL, "created" date NOT NULL, "modified" date NOT NULL, "image" varchar(100) NOT NULL, "property_id" bigint NOT NULL REFERENCES "properties_property" ("id") DEFERRABLE INITIALLY DEFERRED);
INSERT INTO "properties_propertyimage" VALUES(8,1,'2023-02-24','2023-02-24','property_images/67dbfcdb-529e-44df-9d5e-ff68c6c3718d/luna_3840x2400_xtrafondos.com.jpg',5);
INSERT INTO "properties_propertyimage" VALUES(9,1,'2023-02-24','2023-02-24','property_images/67dbfcdb-529e-44df-9d5e-ff68c6c3718d/wp3846447.jpg',5);
INSERT INTO "properties_propertyimage" VALUES(10,1,'2023-02-25','2023-02-25','property_images/ba97c465-1af6-4133-833b-f78f773c3fe6/jojo-jotaro-dio-insegnano-stare-qua_j06pAsz.jpg',6);
INSERT INTO "properties_propertyimage" VALUES(11,1,'2023-02-26','2023-02-26','property_images/14a9181e-4835-4e6c-9c94-6163eec2d068/casita.jpg',7);
INSERT INTO "properties_propertyimage" VALUES(12,1,'2023-02-26','2023-02-26','property_images/14a9181e-4835-4e6c-9c94-6163eec2d068/Fachadas-de-Casas_casas-1912917540.jpg',7);
CREATE UNIQUE INDEX "django_content_type_app_label_model_76bd3d3b_uniq" ON "django_content_type" ("app_label", "model");
CREATE UNIQUE INDEX "auth_group_permissions_group_id_permission_id_0cd325b0_uniq" ON "auth_group_permissions" ("group_id", "permission_id");
CREATE INDEX IF NOT EXISTS "auth_group_permissions_group_id_b120cbf9" ON "auth_group_permissions" ("group_id");
CREATE INDEX IF NOT EXISTS "auth_group_permissions_permission_id_84c5c92e" ON "auth_group_permissions" ("permission_id");
CREATE UNIQUE INDEX "auth_permission_content_type_id_codename_01ab375a_uniq" ON "auth_permission" ("content_type_id", "codename");
CREATE INDEX IF NOT EXISTS "auth_permission_content_type_id_2f476e4b" ON "auth_permission" ("content_type_id");
CREATE UNIQUE INDEX "accounts_customuser_groups_customuser_id_group_id_c074bdcb_uniq" ON "accounts_customuser_groups" ("customuser_id", "group_id");
CREATE INDEX IF NOT EXISTS "accounts_customuser_groups_customuser_id_bc55088e" ON "accounts_customuser_groups" ("customuser_id");
CREATE INDEX IF NOT EXISTS "accounts_customuser_groups_group_id_86ba5f9e" ON "accounts_customuser_groups" ("group_id");
CREATE UNIQUE INDEX "accounts_customuser_user_permissions_customuser_id_permission_id_9632a709_uniq" ON "accounts_customuser_user_permissions" ("customuser_id", "permission_id");
CREATE INDEX IF NOT EXISTS "accounts_customuser_user_permissions_customuser_id_0deaefae" ON "accounts_customuser_user_permissions" ("customuser_id");
CREATE INDEX IF NOT EXISTS "accounts_customuser_user_permissions_permission_id_aea3d0e5" ON "accounts_customuser_user_permissions" ("permission_id");
CREATE INDEX IF NOT EXISTS "django_admin_log_content_type_id_c4bce8eb" ON "django_admin_log" ("content_type_id");
CREATE INDEX IF NOT EXISTS "django_admin_log_user_id_c564eba6" ON "django_admin_log" ("user_id");
CREATE UNIQUE INDEX "newsletters_newsletter_email_newsletter_id_newsletteruser_id_729391df_uniq" ON "newsletters_newsletter_email" ("newsletter_id", "newsletteruser_id");
CREATE INDEX IF NOT EXISTS "newsletters_newsletter_email_newsletter_id_86f76210" ON "newsletters_newsletter_email" ("newsletter_id");
CREATE INDEX IF NOT EXISTS "newsletters_newsletter_email_newsletteruser_id_c7b00502" ON "newsletters_newsletter_email" ("newsletteruser_id");
CREATE INDEX IF NOT EXISTS "properties_urbansite_property_id_0f9e3592" ON "properties_urbansite" ("property_id");
CREATE INDEX IF NOT EXISTS "properties_shop_property_id_10ac3c0d" ON "properties_shop" ("property_id");
CREATE INDEX IF NOT EXISTS "properties_propertyimage_property_id_883194e7" ON "properties_propertyimage" ("property_id");
CREATE INDEX IF NOT EXISTS "properties_propertycontact_property_id_49ac3914" ON "properties_propertycontact" ("property_id");
CREATE INDEX IF NOT EXISTS "properties_property_commune_id_948414dc" ON "properties_property" ("commune_id");
CREATE INDEX IF NOT EXISTS "properties_property_region_id_bdc9e684" ON "properties_property" ("region_id");
CREATE INDEX IF NOT EXISTS "properties_property_user_id_d65e9a67" ON "properties_property" ("user_id");
CREATE INDEX IF NOT EXISTS "properties_parcel_property_id_3ce4d875" ON "properties_parcel" ("property_id");
CREATE INDEX IF NOT EXISTS "properties_office_property_id_02ceab57" ON "properties_office" ("property_id");
CREATE INDEX IF NOT EXISTS "properties_industrial_property_id_ceb76305" ON "properties_industrial" ("property_id");
CREATE INDEX IF NOT EXISTS "properties_house_property_id_cd7f08ea" ON "properties_house" ("property_id");
CREATE INDEX IF NOT EXISTS "properties_commune_location_slug_e136a79f" ON "properties_commune" ("location_slug");
CREATE INDEX IF NOT EXISTS "properties_commune_region_id_5570bcad" ON "properties_commune" ("region_id");
CREATE INDEX IF NOT EXISTS "properties_cellar_property_id_fabcf2b9" ON "properties_cellar" ("property_id");
CREATE INDEX IF NOT EXISTS "properties_apartment_property_id_b78dace9" ON "properties_apartment" ("property_id");
CREATE INDEX IF NOT EXISTS "django_session_expire_date_a5c62663" ON "django_session" ("expire_date");
CREATE INDEX IF NOT EXISTS "properties_publication_owner_id_855dd835" ON "properties_publication" ("owner_id");
CREATE INDEX IF NOT EXISTS "properties_publication_property_id_0ee40f95" ON "properties_publication" ("property_id");
CREATE INDEX IF NOT EXISTS "properties_publication_realtor_id_2ed80779" ON "properties_publication" ("realtor_id");
CREATE INDEX IF NOT EXISTS "properties_publication_user_id_01528e25" ON "properties_publication" ("user_id");
CREATE UNIQUE INDEX "properties_publication_views_publication_id_ipvisitor_id_01380f72_uniq" ON "properties_publication_views" ("publication_id", "ipvisitor_id");
CREATE INDEX IF NOT EXISTS "properties_publication_views_publication_id_2f3e43dc" ON "properties_publication_views" ("publication_id");
CREATE INDEX IF NOT EXISTS "properties_publication_views_ipvisitor_id_5a957899" ON "properties_publication_views" ("ipvisitor_id");
CREATE TABLE IF NOT EXISTS "properties_publication" ("id" integer NOT NULL PRIMARY KEY AUTOINCREMENT, "state" bool NOT NULL, "created" date NOT NULL, "modified" date NOT NULL, "status" varchar(3) NOT NULL, "operation" varchar(2) NOT NULL, "type_price" varchar(3) NOT NULL, "price" integer unsigned NOT NULL CHECK ("price" >= 0), "appraisal_value" integer unsigned NULL CHECK ("appraisal_value" >= 0), "commission_percentage" decimal NULL, "commission_value" integer unsigned NOT NULL CHECK ("commission_value" >= 0), "owner_id" bigint NOT NULL REFERENCES "properties_owner" ("id") DEFERRABLE INITIALLY DEFERRED, "property_id" bigint NOT NULL REFERENCES "properties_property" ("id") DEFERRABLE INITIALLY DEFERRED, "realtor_id" bigint NOT NULL REFERENCES "properties_realtor" ("id") DEFERRABLE INITIALLY DEFERRED, "user_id" bigint NOT NULL REFERENCES "accounts_customuser" ("id") DEFERRABLE INITIALLY DEFERRED, "is_featured" bool NOT NULL, "is_iva" bool NOT NULL);
INSERT INTO "properties_publication" VALUES(3,0,'2023-02-25','2023-02-26','pu','fi','uf',6000,6000,4.5,270,1,5,1,1,1,1);
INSERT INTO "properties_publication" VALUES(6,0,'2023-02-25','2023-02-26','dr','an','uf',7000,NULL,NULL,10,2,6,1,1,0,1);
INSERT INTO "properties_publication" VALUES(9,0,'2023-02-26','2023-02-26','pu','fi','uf',6000,7000,2.5,150,2,5,1,1,0,1);
INSERT INTO "properties_publication" VALUES(10,1,'2023-02-26','2023-02-26','pu','wa','uf',2000,NULL,NULL,200,2,6,1,1,1,0);
INSERT INTO "properties_publication" VALUES(11,1,'2023-02-26','2023-02-26','dr','wa','usd',5000,5000,2.5,125,2,7,1,1,1,1);
CREATE UNIQUE INDEX "django_content_type_app_label_model_76bd3d3b_uniq" ON "django_content_type" ("app_label", "model");
CREATE UNIQUE INDEX "auth_group_permissions_group_id_permission_id_0cd325b0_uniq" ON "auth_group_permissions" ("group_id", "permission_id");
CREATE INDEX IF NOT EXISTS "auth_group_permissions_group_id_b120cbf9" ON "auth_group_permissions" ("group_id");
CREATE INDEX IF NOT EXISTS "auth_group_permissions_permission_id_84c5c92e" ON "auth_group_permissions" ("permission_id");
CREATE UNIQUE INDEX "auth_permission_content_type_id_codename_01ab375a_uniq" ON "auth_permission" ("content_type_id", "codename");
CREATE INDEX IF NOT EXISTS "auth_permission_content_type_id_2f476e4b" ON "auth_permission" ("content_type_id");
CREATE UNIQUE INDEX "accounts_customuser_groups_customuser_id_group_id_c074bdcb_uniq" ON "accounts_customuser_groups" ("customuser_id", "group_id");
CREATE INDEX IF NOT EXISTS "accounts_customuser_groups_customuser_id_bc55088e" ON "accounts_customuser_groups" ("customuser_id");
CREATE INDEX IF NOT EXISTS "accounts_customuser_groups_group_id_86ba5f9e" ON "accounts_customuser_groups" ("group_id");
CREATE UNIQUE INDEX "accounts_customuser_user_permissions_customuser_id_permission_id_9632a709_uniq" ON "accounts_customuser_user_permissions" ("customuser_id", "permission_id");
CREATE INDEX IF NOT EXISTS "accounts_customuser_user_permissions_customuser_id_0deaefae" ON "accounts_customuser_user_permissions" ("customuser_id");
CREATE INDEX IF NOT EXISTS "accounts_customuser_user_permissions_permission_id_aea3d0e5" ON "accounts_customuser_user_permissions" ("permission_id");
CREATE INDEX IF NOT EXISTS "django_admin_log_content_type_id_c4bce8eb" ON "django_admin_log" ("content_type_id");
CREATE INDEX IF NOT EXISTS "django_admin_log_user_id_c564eba6" ON "django_admin_log" ("user_id");
CREATE UNIQUE INDEX "newsletters_newsletter_email_newsletter_id_newsletteruser_id_729391df_uniq" ON "newsletters_newsletter_email" ("newsletter_id", "newsletteruser_id");
CREATE INDEX IF NOT EXISTS "newsletters_newsletter_email_newsletter_id_86f76210" ON "newsletters_newsletter_email" ("newsletter_id");
CREATE INDEX IF NOT EXISTS "newsletters_newsletter_email_newsletteruser_id_c7b00502" ON "newsletters_newsletter_email" ("newsletteruser_id");
CREATE INDEX IF NOT EXISTS "properties_urbansite_property_id_0f9e3592" ON "properties_urbansite" ("property_id");
CREATE INDEX IF NOT EXISTS "properties_shop_property_id_10ac3c0d" ON "properties_shop" ("property_id");
CREATE INDEX IF NOT EXISTS "properties_propertyimage_property_id_883194e7" ON "properties_propertyimage" ("property_id");
CREATE INDEX IF NOT EXISTS "properties_propertycontact_property_id_49ac3914" ON "properties_propertycontact" ("property_id");
CREATE INDEX IF NOT EXISTS "properties_property_commune_id_948414dc" ON "properties_property" ("commune_id");
CREATE INDEX IF NOT EXISTS "properties_property_region_id_bdc9e684" ON "properties_property" ("region_id");
CREATE INDEX IF NOT EXISTS "properties_property_user_id_d65e9a67" ON "properties_property" ("user_id");
CREATE INDEX IF NOT EXISTS "properties_parcel_property_id_3ce4d875" ON "properties_parcel" ("property_id");
CREATE INDEX IF NOT EXISTS "properties_office_property_id_02ceab57" ON "properties_office" ("property_id");
CREATE INDEX IF NOT EXISTS "properties_industrial_property_id_ceb76305" ON "properties_industrial" ("property_id");
CREATE INDEX IF NOT EXISTS "properties_house_property_id_cd7f08ea" ON "properties_house" ("property_id");
CREATE INDEX IF NOT EXISTS "properties_commune_location_slug_e136a79f" ON "properties_commune" ("location_slug");
CREATE INDEX IF NOT EXISTS "properties_commune_region_id_5570bcad" ON "properties_commune" ("region_id");
CREATE INDEX IF NOT EXISTS "properties_cellar_property_id_fabcf2b9" ON "properties_cellar" ("property_id");
CREATE INDEX IF NOT EXISTS "properties_apartment_property_id_b78dace9" ON "properties_apartment" ("property_id");
CREATE INDEX IF NOT EXISTS "django_session_expire_date_a5c62663" ON "django_session" ("expire_date");
CREATE INDEX IF NOT EXISTS "properties_publication_owner_id_855dd835" ON "properties_publication" ("owner_id");
CREATE INDEX IF NOT EXISTS "properties_publication_property_id_0ee40f95" ON "properties_publication" ("property_id");
CREATE INDEX IF NOT EXISTS "properties_publication_realtor_id_2ed80779" ON "properties_publication" ("realtor_id");
CREATE INDEX IF NOT EXISTS "properties_publication_user_id_01528e25" ON "properties_publication" ("user_id");
CREATE UNIQUE INDEX "properties_publication_views_publication_id_ipvisitor_id_01380f72_uniq" ON "properties_publication_views" ("publication_id", "ipvisitor_id");
CREATE INDEX IF NOT EXISTS "properties_publication_views_publication_id_2f3e43dc" ON "properties_publication_views" ("publication_id");
CREATE INDEX IF NOT EXISTS "properties_publication_views_ipvisitor_id_5a957899" ON "properties_publication_views" ("ipvisitor_id");
CREATE TABLE IF NOT EXISTS "properties_publication_views" ("id" integer NOT NULL PRIMARY KEY AUTOINCREMENT, "publication_id" bigint NOT NULL REFERENCES "properties_publication" ("id") DEFERRABLE INITIALLY DEFERRED, "ipvisitor_id" bigint NOT NULL REFERENCES "properties_ipvisitor" ("id") DEFERRABLE INITIALLY DEFERRED);
INSERT INTO "properties_publication_views" VALUES(3,3,1);
INSERT INTO "properties_publication_views" VALUES(189,9,1);
INSERT INTO "properties_publication_views" VALUES(190,11,1);
CREATE UNIQUE INDEX "django_content_type_app_label_model_76bd3d3b_uniq" ON "django_content_type" ("app_label", "model");
CREATE UNIQUE INDEX "auth_group_permissions_group_id_permission_id_0cd325b0_uniq" ON "auth_group_permissions" ("group_id", "permission_id");
CREATE INDEX IF NOT EXISTS "auth_group_permissions_group_id_b120cbf9" ON "auth_group_permissions" ("group_id");
CREATE INDEX IF NOT EXISTS "auth_group_permissions_permission_id_84c5c92e" ON "auth_group_permissions" ("permission_id");
CREATE UNIQUE INDEX "auth_permission_content_type_id_codename_01ab375a_uniq" ON "auth_permission" ("content_type_id", "codename");
CREATE INDEX IF NOT EXISTS "auth_permission_content_type_id_2f476e4b" ON "auth_permission" ("content_type_id");
CREATE UNIQUE INDEX "accounts_customuser_groups_customuser_id_group_id_c074bdcb_uniq" ON "accounts_customuser_groups" ("customuser_id", "group_id");
CREATE INDEX IF NOT EXISTS "accounts_customuser_groups_customuser_id_bc55088e" ON "accounts_customuser_groups" ("customuser_id");
CREATE INDEX IF NOT EXISTS "accounts_customuser_groups_group_id_86ba5f9e" ON "accounts_customuser_groups" ("group_id");
CREATE UNIQUE INDEX "accounts_customuser_user_permissions_customuser_id_permission_id_9632a709_uniq" ON "accounts_customuser_user_permissions" ("customuser_id", "permission_id");
CREATE INDEX IF NOT EXISTS "accounts_customuser_user_permissions_customuser_id_0deaefae" ON "accounts_customuser_user_permissions" ("customuser_id");
CREATE INDEX IF NOT EXISTS "accounts_customuser_user_permissions_permission_id_aea3d0e5" ON "accounts_customuser_user_permissions" ("permission_id");
CREATE INDEX IF NOT EXISTS "django_admin_log_content_type_id_c4bce8eb" ON "django_admin_log" ("content_type_id");
CREATE INDEX IF NOT EXISTS "django_admin_log_user_id_c564eba6" ON "django_admin_log" ("user_id");
CREATE UNIQUE INDEX "newsletters_newsletter_email_newsletter_id_newsletteruser_id_729391df_uniq" ON "newsletters_newsletter_email" ("newsletter_id", "newsletteruser_id");
CREATE INDEX IF NOT EXISTS "newsletters_newsletter_email_newsletter_id_86f76210" ON "newsletters_newsletter_email" ("newsletter_id");
CREATE INDEX IF NOT EXISTS "newsletters_newsletter_email_newsletteruser_id_c7b00502" ON "newsletters_newsletter_email" ("newsletteruser_id");
CREATE INDEX IF NOT EXISTS "properties_urbansite_property_id_0f9e3592" ON "properties_urbansite" ("property_id");
CREATE INDEX IF NOT EXISTS "properties_shop_property_id_10ac3c0d" ON "properties_shop" ("property_id");
CREATE INDEX IF NOT EXISTS "properties_propertyimage_property_id_883194e7" ON "properties_propertyimage" ("property_id");
CREATE INDEX IF NOT EXISTS "properties_propertycontact_property_id_49ac3914" ON "properties_propertycontact" ("property_id");
CREATE INDEX IF NOT EXISTS "properties_property_commune_id_948414dc" ON "properties_property" ("commune_id");
CREATE INDEX IF NOT EXISTS "properties_property_region_id_bdc9e684" ON "properties_property" ("region_id");
CREATE INDEX IF NOT EXISTS "properties_property_user_id_d65e9a67" ON "properties_property" ("user_id");
CREATE INDEX IF NOT EXISTS "properties_parcel_property_id_3ce4d875" ON "properties_parcel" ("property_id");
CREATE INDEX IF NOT EXISTS "properties_office_property_id_02ceab57" ON "properties_office" ("property_id");
CREATE INDEX IF NOT EXISTS "properties_industrial_property_id_ceb76305" ON "properties_industrial" ("property_id");
CREATE INDEX IF NOT EXISTS "properties_house_property_id_cd7f08ea" ON "properties_house" ("property_id");
CREATE INDEX IF NOT EXISTS "properties_commune_location_slug_e136a79f" ON "properties_commune" ("location_slug");
CREATE INDEX IF NOT EXISTS "properties_commune_region_id_5570bcad" ON "properties_commune" ("region_id");
CREATE INDEX IF NOT EXISTS "properties_cellar_property_id_fabcf2b9" ON "properties_cellar" ("property_id");
CREATE INDEX IF NOT EXISTS "properties_apartment_property_id_b78dace9" ON "properties_apartment" ("property_id");
CREATE INDEX IF NOT EXISTS "django_session_expire_date_a5c62663" ON "django_session" ("expire_date");
CREATE INDEX IF NOT EXISTS "properties_publication_owner_id_855dd835" ON "properties_publication" ("owner_id");
CREATE INDEX IF NOT EXISTS "properties_publication_property_id_0ee40f95" ON "properties_publication" ("property_id");
CREATE INDEX IF NOT EXISTS "properties_publication_realtor_id_2ed80779" ON "properties_publication" ("realtor_id");
CREATE INDEX IF NOT EXISTS "properties_publication_user_id_01528e25" ON "properties_publication" ("user_id");
CREATE UNIQUE INDEX "properties_publication_views_publication_id_ipvisitor_id_01380f72_uniq" ON "properties_publication_views" ("publication_id", "ipvisitor_id");
CREATE INDEX IF NOT EXISTS "properties_publication_views_publication_id_2f3e43dc" ON "properties_publication_views" ("publication_id");
CREATE INDEX IF NOT EXISTS "properties_publication_views_ipvisitor_id_5a957899" ON "properties_publication_views" ("ipvisitor_id");
CREATE TABLE IF NOT EXISTS "properties_realtor" ("id" integer NOT NULL PRIMARY KEY AUTOINCREMENT, "state" bool NOT NULL, "created" date NOT NULL, "modified" date NOT NULL, "first_name" varchar(200) NOT NULL, "last_name" varchar(200) NOT NULL, "phone1" varchar(9) NOT NULL, "phone2" varchar(9) NOT NULL, "email" varchar(150) NOT NULL);
INSERT INTO "properties_realtor" VALUES(1,1,'2023-02-24','2023-02-24','fabian','urrutia','94234234','','fabian@gmail.com');
INSERT INTO "properties_realtor" VALUES(2,1,'2023-02-25','2023-02-25','javier','mariquez','0234324','','javi@gmai.com');
CREATE UNIQUE INDEX "django_content_type_app_label_model_76bd3d3b_uniq" ON "django_content_type" ("app_label", "model");
CREATE UNIQUE INDEX "auth_group_permissions_group_id_permission_id_0cd325b0_uniq" ON "auth_group_permissions" ("group_id", "permission_id");
CREATE INDEX IF NOT EXISTS "auth_group_permissions_group_id_b120cbf9" ON "auth_group_permissions" ("group_id");
CREATE INDEX IF NOT EXISTS "auth_group_permissions_permission_id_84c5c92e" ON "auth_group_permissions" ("permission_id");
CREATE UNIQUE INDEX "auth_permission_content_type_id_codename_01ab375a_uniq" ON "auth_permission" ("content_type_id", "codename");
CREATE INDEX IF NOT EXISTS "auth_permission_content_type_id_2f476e4b" ON "auth_permission" ("content_type_id");
CREATE UNIQUE INDEX "accounts_customuser_groups_customuser_id_group_id_c074bdcb_uniq" ON "accounts_customuser_groups" ("customuser_id", "group_id");
CREATE INDEX IF NOT EXISTS "accounts_customuser_groups_customuser_id_bc55088e" ON "accounts_customuser_groups" ("customuser_id");
CREATE INDEX IF NOT EXISTS "accounts_customuser_groups_group_id_86ba5f9e" ON "accounts_customuser_groups" ("group_id");
CREATE UNIQUE INDEX "accounts_customuser_user_permissions_customuser_id_permission_id_9632a709_uniq" ON "accounts_customuser_user_permissions" ("customuser_id", "permission_id");
CREATE INDEX IF NOT EXISTS "accounts_customuser_user_permissions_customuser_id_0deaefae" ON "accounts_customuser_user_permissions" ("customuser_id");
CREATE INDEX IF NOT EXISTS "accounts_customuser_user_permissions_permission_id_aea3d0e5" ON "accounts_customuser_user_permissions" ("permission_id");
CREATE INDEX IF NOT EXISTS "django_admin_log_content_type_id_c4bce8eb" ON "django_admin_log" ("content_type_id");
CREATE INDEX IF NOT EXISTS "django_admin_log_user_id_c564eba6" ON "django_admin_log" ("user_id");
CREATE UNIQUE INDEX "newsletters_newsletter_email_newsletter_id_newsletteruser_id_729391df_uniq" ON "newsletters_newsletter_email" ("newsletter_id", "newsletteruser_id");
CREATE INDEX IF NOT EXISTS "newsletters_newsletter_email_newsletter_id_86f76210" ON "newsletters_newsletter_email" ("newsletter_id");
CREATE INDEX IF NOT EXISTS "newsletters_newsletter_email_newsletteruser_id_c7b00502" ON "newsletters_newsletter_email" ("newsletteruser_id");
CREATE INDEX IF NOT EXISTS "properties_urbansite_property_id_0f9e3592" ON "properties_urbansite" ("property_id");
CREATE INDEX IF NOT EXISTS "properties_shop_property_id_10ac3c0d" ON "properties_shop" ("property_id");
CREATE INDEX IF NOT EXISTS "properties_propertyimage_property_id_883194e7" ON "properties_propertyimage" ("property_id");
CREATE INDEX IF NOT EXISTS "properties_propertycontact_property_id_49ac3914" ON "properties_propertycontact" ("property_id");
CREATE INDEX IF NOT EXISTS "properties_property_commune_id_948414dc" ON "properties_property" ("commune_id");
CREATE INDEX IF NOT EXISTS "properties_property_region_id_bdc9e684" ON "properties_property" ("region_id");
CREATE INDEX IF NOT EXISTS "properties_property_user_id_d65e9a67" ON "properties_property" ("user_id");
CREATE INDEX IF NOT EXISTS "properties_parcel_property_id_3ce4d875" ON "properties_parcel" ("property_id");
CREATE INDEX IF NOT EXISTS "properties_office_property_id_02ceab57" ON "properties_office" ("property_id");
CREATE INDEX IF NOT EXISTS "properties_industrial_property_id_ceb76305" ON "properties_industrial" ("property_id");
CREATE INDEX IF NOT EXISTS "properties_house_property_id_cd7f08ea" ON "properties_house" ("property_id");
CREATE INDEX IF NOT EXISTS "properties_commune_location_slug_e136a79f" ON "properties_commune" ("location_slug");
CREATE INDEX IF NOT EXISTS "properties_commune_region_id_5570bcad" ON "properties_commune" ("region_id");
CREATE INDEX IF NOT EXISTS "properties_cellar_property_id_fabcf2b9" ON "properties_cellar" ("property_id");
CREATE INDEX IF NOT EXISTS "properties_apartment_property_id_b78dace9" ON "properties_apartment" ("property_id");
CREATE INDEX IF NOT EXISTS "django_session_expire_date_a5c62663" ON "django_session" ("expire_date");
CREATE INDEX IF NOT EXISTS "properties_publication_owner_id_855dd835" ON "properties_publication" ("owner_id");
CREATE INDEX IF NOT EXISTS "properties_publication_property_id_0ee40f95" ON "properties_publication" ("property_id");
CREATE INDEX IF NOT EXISTS "properties_publication_realtor_id_2ed80779" ON "properties_publication" ("realtor_id");
CREATE INDEX IF NOT EXISTS "properties_publication_user_id_01528e25" ON "properties_publication" ("user_id");
CREATE UNIQUE INDEX "properties_publication_views_publication_id_ipvisitor_id_01380f72_uniq" ON "properties_publication_views" ("publication_id", "ipvisitor_id");
CREATE INDEX IF NOT EXISTS "properties_publication_views_publication_id_2f3e43dc" ON "properties_publication_views" ("publication_id");
CREATE INDEX IF NOT EXISTS "properties_publication_views_ipvisitor_id_5a957899" ON "properties_publication_views" ("ipvisitor_id");
CREATE TABLE IF NOT EXISTS "properties_region" ("id" integer NOT NULL PRIMARY KEY AUTOINCREMENT, "state" bool NOT NULL, "created" date NOT NULL, "modified" date NOT NULL, "name" varchar(150) NOT NULL);
INSERT INTO "properties_region" VALUES(1,1,'2023-02-23','2023-02-23','Metropolitana');
INSERT INTO "properties_region" VALUES(2,1,'2023-02-23','2023-02-23','Antofagasta');
INSERT INTO "properties_region" VALUES(3,1,'2023-02-23','2023-02-23','Araucana');
INSERT INTO "properties_region" VALUES(4,1,'2023-02-23','2023-02-23','Arica y Parinatoca');
INSERT INTO "properties_region" VALUES(5,1,'2023-02-23','2023-02-23','Atacama');
INSERT INTO "properties_region" VALUES(6,1,'2023-02-23','2023-02-23','Aysn');
INSERT INTO "properties_region" VALUES(7,1,'2023-02-23','2023-02-23','Bernardo Ohiggins');
INSERT INTO "properties_region" VALUES(8,1,'2023-02-23','2023-02-23','Biobo');
INSERT INTO "properties_region" VALUES(9,1,'2023-02-23','2023-02-23','Coquimbo');
INSERT INTO "properties_region" VALUES(10,1,'2023-02-23','2023-02-23','Los Lagos');
INSERT INTO "properties_region" VALUES(11,1,'2023-02-23','2023-02-23','Los Ros');
INSERT INTO "properties_region" VALUES(12,1,'2023-02-23','2023-02-23','Magallanes');
INSERT INTO "properties_region" VALUES(13,1,'2023-02-23','2023-02-23','Maule');
INSERT INTO "properties_region" VALUES(14,1,'2023-02-23','2023-02-23','uble');
INSERT INTO "properties_region" VALUES(15,1,'2023-02-23','2023-02-23','Tarapac');
INSERT INTO "properties_region" VALUES(16,1,'2023-02-23','2023-02-23','Valparaso');
CREATE UNIQUE INDEX "django_content_type_app_label_model_76bd3d3b_uniq" ON "django_content_type" ("app_label", "model");
CREATE UNIQUE INDEX "auth_group_permissions_group_id_permission_id_0cd325b0_uniq" ON "auth_group_permissions" ("group_id", "permission_id");
CREATE INDEX IF NOT EXISTS "auth_group_permissions_group_id_b120cbf9" ON "auth_group_permissions" ("group_id");
CREATE INDEX IF NOT EXISTS "auth_group_permissions_permission_id_84c5c92e" ON "auth_group_permissions" ("permission_id");
CREATE UNIQUE INDEX "auth_permission_content_type_id_codename_01ab375a_uniq" ON "auth_permission" ("content_type_id", "codename");
CREATE INDEX IF NOT EXISTS "auth_permission_content_type_id_2f476e4b" ON "auth_permission" ("content_type_id");
CREATE UNIQUE INDEX "accounts_customuser_groups_customuser_id_group_id_c074bdcb_uniq" ON "accounts_customuser_groups" ("customuser_id", "group_id");
CREATE INDEX IF NOT EXISTS "accounts_customuser_groups_customuser_id_bc55088e" ON "accounts_customuser_groups" ("customuser_id");
CREATE INDEX IF NOT EXISTS "accounts_customuser_groups_group_id_86ba5f9e" ON "accounts_customuser_groups" ("group_id");
CREATE UNIQUE INDEX "accounts_customuser_user_permissions_customuser_id_permission_id_9632a709_uniq" ON "accounts_customuser_user_permissions" ("customuser_id", "permission_id");
CREATE INDEX IF NOT EXISTS "accounts_customuser_user_permissions_customuser_id_0deaefae" ON "accounts_customuser_user_permissions" ("customuser_id");
CREATE INDEX IF NOT EXISTS "accounts_customuser_user_permissions_permission_id_aea3d0e5" ON "accounts_customuser_user_permissions" ("permission_id");
CREATE INDEX IF NOT EXISTS "django_admin_log_content_type_id_c4bce8eb" ON "django_admin_log" ("content_type_id");
CREATE INDEX IF NOT EXISTS "django_admin_log_user_id_c564eba6" ON "django_admin_log" ("user_id");
CREATE UNIQUE INDEX "newsletters_newsletter_email_newsletter_id_newsletteruser_id_729391df_uniq" ON "newsletters_newsletter_email" ("newsletter_id", "newsletteruser_id");
CREATE INDEX IF NOT EXISTS "newsletters_newsletter_email_newsletter_id_86f76210" ON "newsletters_newsletter_email" ("newsletter_id");
CREATE INDEX IF NOT EXISTS "newsletters_newsletter_email_newsletteruser_id_c7b00502" ON "newsletters_newsletter_email" ("newsletteruser_id");
CREATE INDEX IF NOT EXISTS "properties_urbansite_property_id_0f9e3592" ON "properties_urbansite" ("property_id");
CREATE INDEX IF NOT EXISTS "properties_shop_property_id_10ac3c0d" ON "properties_shop" ("property_id");
CREATE INDEX IF NOT EXISTS "properties_propertyimage_property_id_883194e7" ON "properties_propertyimage" ("property_id");
CREATE INDEX IF NOT EXISTS "properties_propertycontact_property_id_49ac3914" ON "properties_propertycontact" ("property_id");
CREATE INDEX IF NOT EXISTS "properties_property_commune_id_948414dc" ON "properties_property" ("commune_id");
CREATE INDEX IF NOT EXISTS "properties_property_region_id_bdc9e684" ON "properties_property" ("region_id");
CREATE INDEX IF NOT EXISTS "properties_property_user_id_d65e9a67" ON "properties_property" ("user_id");
CREATE INDEX IF NOT EXISTS "properties_parcel_property_id_3ce4d875" ON "properties_parcel" ("property_id");
CREATE INDEX IF NOT EXISTS "properties_office_property_id_02ceab57" ON "properties_office" ("property_id");
CREATE INDEX IF NOT EXISTS "properties_industrial_property_id_ceb76305" ON "properties_industrial" ("property_id");
CREATE INDEX IF NOT EXISTS "properties_house_property_id_cd7f08ea" ON "properties_house" ("property_id");
CREATE INDEX IF NOT EXISTS "properties_commune_location_slug_e136a79f" ON "properties_commune" ("location_slug");
CREATE INDEX IF NOT EXISTS "properties_commune_region_id_5570bcad" ON "properties_commune" ("region_id");
CREATE INDEX IF NOT EXISTS "properties_cellar_property_id_fabcf2b9" ON "properties_cellar" ("property_id");
CREATE INDEX IF NOT EXISTS "properties_apartment_property_id_b78dace9" ON "properties_apartment" ("property_id");
CREATE INDEX IF NOT EXISTS "django_session_expire_date_a5c62663" ON "django_session" ("expire_date");
CREATE INDEX IF NOT EXISTS "properties_publication_owner_id_855dd835" ON "properties_publication" ("owner_id");
CREATE INDEX IF NOT EXISTS "properties_publication_property_id_0ee40f95" ON "properties_publication" ("property_id");
CREATE INDEX IF NOT EXISTS "properties_publication_realtor_id_2ed80779" ON "properties_publication" ("realtor_id");
CREATE INDEX IF NOT EXISTS "properties_publication_user_id_01528e25" ON "properties_publication" ("user_id");
CREATE UNIQUE INDEX "properties_publication_views_publication_id_ipvisitor_id_01380f72_uniq" ON "properties_publication_views" ("publication_id", "ipvisitor_id");
CREATE INDEX IF NOT EXISTS "properties_publication_views_publication_id_2f3e43dc" ON "properties_publication_views" ("publication_id");
CREATE INDEX IF NOT EXISTS "properties_publication_views_ipvisitor_id_5a957899" ON "properties_publication_views" ("ipvisitor_id");
CREATE TABLE IF NOT EXISTS "properties_shop" ("id" integer NOT NULL PRIMARY KEY AUTOINCREMENT, "state" bool NOT NULL, "created" date NOT NULL, "modified" date NOT NULL, "land_surface" integer unsigned NOT NULL CHECK ("land_surface" >= 0), "builded_surface" integer unsigned NOT NULL CHECK ("builded_surface" >= 0), "num_bathrooms" varchar(2) NOT NULL, "num_local" varchar(20) NOT NULL, "builded_year" integer unsigned NULL CHECK ("builded_year" >= 0), "service" varchar(250) NOT NULL, "kitchen" varchar(250) NOT NULL, "property_id" bigint NULL REFERENCES "properties_property" ("id") DEFERRABLE INITIALLY DEFERRED);
INSERT INTO "properties_shop" VALUES(1,1,'2023-02-25','2023-03-04',400,390,'2','444',NULL,'Agua Potable,Alcantarillado','',6);
CREATE UNIQUE INDEX "django_content_type_app_label_model_76bd3d3b_uniq" ON "django_content_type" ("app_label", "model");
CREATE UNIQUE INDEX "auth_group_permissions_group_id_permission_id_0cd325b0_uniq" ON "auth_group_permissions" ("group_id", "permission_id");
CREATE INDEX IF NOT EXISTS "auth_group_permissions_group_id_b120cbf9" ON "auth_group_permissions" ("group_id");
CREATE INDEX IF NOT EXISTS "auth_group_permissions_permission_id_84c5c92e" ON "auth_group_permissions" ("permission_id");
CREATE UNIQUE INDEX "auth_permission_content_type_id_codename_01ab375a_uniq" ON "auth_permission" ("content_type_id", "codename");
CREATE INDEX IF NOT EXISTS "auth_permission_content_type_id_2f476e4b" ON "auth_permission" ("content_type_id");
CREATE UNIQUE INDEX "accounts_customuser_groups_customuser_id_group_id_c074bdcb_uniq" ON "accounts_customuser_groups" ("customuser_id", "group_id");
CREATE INDEX IF NOT EXISTS "accounts_customuser_groups_customuser_id_bc55088e" ON "accounts_customuser_groups" ("customuser_id");
CREATE INDEX IF NOT EXISTS "accounts_customuser_groups_group_id_86ba5f9e" ON "accounts_customuser_groups" ("group_id");
CREATE UNIQUE INDEX "accounts_customuser_user_permissions_customuser_id_permission_id_9632a709_uniq" ON "accounts_customuser_user_permissions" ("customuser_id", "permission_id");
CREATE INDEX IF NOT EXISTS "accounts_customuser_user_permissions_customuser_id_0deaefae" ON "accounts_customuser_user_permissions" ("customuser_id");
CREATE INDEX IF NOT EXISTS "accounts_customuser_user_permissions_permission_id_aea3d0e5" ON "accounts_customuser_user_permissions" ("permission_id");
CREATE INDEX IF NOT EXISTS "django_admin_log_content_type_id_c4bce8eb" ON "django_admin_log" ("content_type_id");
CREATE INDEX IF NOT EXISTS "django_admin_log_user_id_c564eba6" ON "django_admin_log" ("user_id");
CREATE UNIQUE INDEX "newsletters_newsletter_email_newsletter_id_newsletteruser_id_729391df_uniq" ON "newsletters_newsletter_email" ("newsletter_id", "newsletteruser_id");
CREATE INDEX IF NOT EXISTS "newsletters_newsletter_email_newsletter_id_86f76210" ON "newsletters_newsletter_email" ("newsletter_id");
CREATE INDEX IF NOT EXISTS "newsletters_newsletter_email_newsletteruser_id_c7b00502" ON "newsletters_newsletter_email" ("newsletteruser_id");
CREATE INDEX IF NOT EXISTS "properties_urbansite_property_id_0f9e3592" ON "properties_urbansite" ("property_id");
CREATE INDEX IF NOT EXISTS "properties_shop_property_id_10ac3c0d" ON "properties_shop" ("property_id");
CREATE INDEX IF NOT EXISTS "properties_propertyimage_property_id_883194e7" ON "properties_propertyimage" ("property_id");
CREATE INDEX IF NOT EXISTS "properties_propertycontact_property_id_49ac3914" ON "properties_propertycontact" ("property_id");
CREATE INDEX IF NOT EXISTS "properties_property_commune_id_948414dc" ON "properties_property" ("commune_id");
CREATE INDEX IF NOT EXISTS "properties_property_region_id_bdc9e684" ON "properties_property" ("region_id");
CREATE INDEX IF NOT EXISTS "properties_property_user_id_d65e9a67" ON "properties_property" ("user_id");
CREATE INDEX IF NOT EXISTS "properties_parcel_property_id_3ce4d875" ON "properties_parcel" ("property_id");
CREATE INDEX IF NOT EXISTS "properties_office_property_id_02ceab57" ON "properties_office" ("property_id");
CREATE INDEX IF NOT EXISTS "properties_industrial_property_id_ceb76305" ON "properties_industrial" ("property_id");
CREATE INDEX IF NOT EXISTS "properties_house_property_id_cd7f08ea" ON "properties_house" ("property_id");
CREATE INDEX IF NOT EXISTS "properties_commune_location_slug_e136a79f" ON "properties_commune" ("location_slug");
CREATE INDEX IF NOT EXISTS "properties_commune_region_id_5570bcad" ON "properties_commune" ("region_id");
CREATE INDEX IF NOT EXISTS "properties_cellar_property_id_fabcf2b9" ON "properties_cellar" ("property_id");
CREATE INDEX IF NOT EXISTS "properties_apartment_property_id_b78dace9" ON "properties_apartment" ("property_id");
CREATE INDEX IF NOT EXISTS "django_session_expire_date_a5c62663" ON "django_session" ("expire_date");
CREATE INDEX IF NOT EXISTS "properties_publication_owner_id_855dd835" ON "properties_publication" ("owner_id");
CREATE INDEX IF NOT EXISTS "properties_publication_property_id_0ee40f95" ON "properties_publication" ("property_id");
CREATE INDEX IF NOT EXISTS "properties_publication_realtor_id_2ed80779" ON "properties_publication" ("realtor_id");
CREATE INDEX IF NOT EXISTS "properties_publication_user_id_01528e25" ON "properties_publication" ("user_id");
CREATE UNIQUE INDEX "properties_publication_views_publication_id_ipvisitor_id_01380f72_uniq" ON "properties_publication_views" ("publication_id", "ipvisitor_id");
CREATE INDEX IF NOT EXISTS "properties_publication_views_publication_id_2f3e43dc" ON "properties_publication_views" ("publication_id");
CREATE INDEX IF NOT EXISTS "properties_publication_views_ipvisitor_id_5a957899" ON "properties_publication_views" ("ipvisitor_id");
CREATE TABLE IF NOT EXISTS "properties_urbansite" ("id" integer NOT NULL PRIMARY KEY AUTOINCREMENT, "state" bool NOT NULL, "created" date NOT NULL, "modified" date NOT NULL, "land_surface" integer unsigned NOT NULL CHECK ("land_surface" >= 0), "num_cellars" varchar(2) NULL, "num_lot" varchar(20) NOT NULL, "sector" varchar(250) NOT NULL, "water_feasibility" varchar(2) NOT NULL, "electricity_feasibility" varchar(2) NOT NULL, "sewer_feasibility" varchar(2) NOT NULL, "gas_feasibility" varchar(2) NOT NULL, "feasibility" text NOT NULL, "property_id" bigint NULL REFERENCES "properties_property" ("id") DEFERRABLE INITIALLY DEFERRED);
CREATE UNIQUE INDEX "django_content_type_app_label_model_76bd3d3b_uniq" ON "django_content_type" ("app_label", "model");
CREATE UNIQUE INDEX "auth_group_permissions_group_id_permission_id_0cd325b0_uniq" ON "auth_group_permissions" ("group_id", "permission_id");
CREATE INDEX IF NOT EXISTS "auth_group_permissions_group_id_b120cbf9" ON "auth_group_permissions" ("group_id");
CREATE INDEX IF NOT EXISTS "auth_group_permissions_permission_id_84c5c92e" ON "auth_group_permissions" ("permission_id");
CREATE UNIQUE INDEX "auth_permission_content_type_id_codename_01ab375a_uniq" ON "auth_permission" ("content_type_id", "codename");
CREATE INDEX IF NOT EXISTS "auth_permission_content_type_id_2f476e4b" ON "auth_permission" ("content_type_id");
CREATE UNIQUE INDEX "accounts_customuser_groups_customuser_id_group_id_c074bdcb_uniq" ON "accounts_customuser_groups" ("customuser_id", "group_id");
CREATE INDEX IF NOT EXISTS "accounts_customuser_groups_customuser_id_bc55088e" ON "accounts_customuser_groups" ("customuser_id");
CREATE INDEX IF NOT EXISTS "accounts_customuser_groups_group_id_86ba5f9e" ON "accounts_customuser_groups" ("group_id");
CREATE UNIQUE INDEX "accounts_customuser_user_permissions_customuser_id_permission_id_9632a709_uniq" ON "accounts_customuser_user_permissions" ("customuser_id", "permission_id");
CREATE INDEX IF NOT EXISTS "accounts_customuser_user_permissions_customuser_id_0deaefae" ON "accounts_customuser_user_permissions" ("customuser_id");
CREATE INDEX IF NOT EXISTS "accounts_customuser_user_permissions_permission_id_aea3d0e5" ON "accounts_customuser_user_permissions" ("permission_id");
CREATE INDEX IF NOT EXISTS "django_admin_log_content_type_id_c4bce8eb" ON "django_admin_log" ("content_type_id");
CREATE INDEX IF NOT EXISTS "django_admin_log_user_id_c564eba6" ON "django_admin_log" ("user_id");
CREATE UNIQUE INDEX "newsletters_newsletter_email_newsletter_id_newsletteruser_id_729391df_uniq" ON "newsletters_newsletter_email" ("newsletter_id", "newsletteruser_id");
CREATE INDEX IF NOT EXISTS "newsletters_newsletter_email_newsletter_id_86f76210" ON "newsletters_newsletter_email" ("newsletter_id");
CREATE INDEX IF NOT EXISTS "newsletters_newsletter_email_newsletteruser_id_c7b00502" ON "newsletters_newsletter_email" ("newsletteruser_id");
CREATE INDEX IF NOT EXISTS "properties_urbansite_property_id_0f9e3592" ON "properties_urbansite" ("property_id");
CREATE INDEX IF NOT EXISTS "properties_shop_property_id_10ac3c0d" ON "properties_shop" ("property_id");
CREATE INDEX IF NOT EXISTS "properties_propertyimage_property_id_883194e7" ON "properties_propertyimage" ("property_id");
CREATE INDEX IF NOT EXISTS "properties_propertycontact_property_id_49ac3914" ON "properties_propertycontact" ("property_id");
CREATE INDEX IF NOT EXISTS "properties_property_commune_id_948414dc" ON "properties_property" ("commune_id");
CREATE INDEX IF NOT EXISTS "properties_property_region_id_bdc9e684" ON "properties_property" ("region_id");
CREATE INDEX IF NOT EXISTS "properties_property_user_id_d65e9a67" ON "properties_property" ("user_id");
CREATE INDEX IF NOT EXISTS "properties_parcel_property_id_3ce4d875" ON "properties_parcel" ("property_id");
CREATE INDEX IF NOT EXISTS "properties_office_property_id_02ceab57" ON "properties_office" ("property_id");
CREATE INDEX IF NOT EXISTS "properties_industrial_property_id_ceb76305" ON "properties_industrial" ("property_id");
CREATE INDEX IF NOT EXISTS "properties_house_property_id_cd7f08ea" ON "properties_house" ("property_id");
CREATE INDEX IF NOT EXISTS "properties_commune_location_slug_e136a79f" ON "properties_commune" ("location_slug");
CREATE INDEX IF NOT EXISTS "properties_commune_region_id_5570bcad" ON "properties_commune" ("region_id");
CREATE INDEX IF NOT EXISTS "properties_cellar_property_id_fabcf2b9" ON "properties_cellar" ("property_id");
CREATE INDEX IF NOT EXISTS "properties_apartment_property_id_b78dace9" ON "properties_apartment" ("property_id");
CREATE INDEX IF NOT EXISTS "django_session_expire_date_a5c62663" ON "django_session" ("expire_date");
CREATE INDEX IF NOT EXISTS "properties_publication_owner_id_855dd835" ON "properties_publication" ("owner_id");
CREATE INDEX IF NOT EXISTS "properties_publication_property_id_0ee40f95" ON "properties_publication" ("property_id");
CREATE INDEX IF NOT EXISTS "properties_publication_realtor_id_2ed80779" ON "properties_publication" ("realtor_id");
CREATE INDEX IF NOT EXISTS "properties_publication_user_id_01528e25" ON "properties_publication" ("user_id");
CREATE UNIQUE INDEX "properties_publication_views_publication_id_ipvisitor_id_01380f72_uniq" ON "properties_publication_views" ("publication_id", "ipvisitor_id");
CREATE INDEX IF NOT EXISTS "properties_publication_views_publication_id_2f3e43dc" ON "properties_publication_views" ("publication_id");
CREATE INDEX IF NOT EXISTS "properties_publication_views_ipvisitor_id_5a957899" ON "properties_publication_views" ("ipvisitor_id");
CREATE TABLE IF NOT EXISTS "reports_operationhistory" ("id" integer NOT NULL PRIMARY KEY AUTOINCREMENT, "state" bool NOT NULL, "created" date NOT NULL, "modified" date NOT NULL, "type_property" varchar(100) NOT NULL, "operation" varchar(50) NOT NULL, "codigo" varchar(255) NOT NULL, "region" varchar(200) NOT NULL, "commune" varchar(200) NOT NULL, "total" varchar(100) NOT NULL, "commission_percentage" integer unsigned NOT NULL CHECK ("commission_percentage" >= 0), "commission_value" integer unsigned NOT NULL CHECK ("commission_value" >= 0), "is_commission_paid" bool NOT NULL);
INSERT INTO "reports_operationhistory" VALUES(1,1,'2023-02-26','2023-02-26','Parcela Venta','Concretada','67dbfcdb-529e-44df-9d5e-ff68c6c3718d','Los Ros','Futrono','6000 UF con IVA',4,270,0);
INSERT INTO "reports_operationhistory" VALUES(2,1,'2023-02-26','2023-02-26','Local Comercial Arriendo','No concretada','ba97c465-1af6-4133-833b-f78f773c3fe6','Aysn','Aysn','7000 UF con IVA',0,10,0);
INSERT INTO "reports_operationhistory" VALUES(3,1,'2023-02-26','2023-02-26','Parcela Venta','Concretada','67dbfcdb-529e-44df-9d5e-ff68c6c3718d','Los Ros','Futrono','6000 UF con IVA',2,150,0);
INSERT INTO "reports_operationhistory" VALUES(4,1,'2023-02-26','2023-02-26','Parcela Venta','Concretada','67dbfcdb-529e-44df-9d5e-ff68c6c3718d','Los Ros','Futrono','6000 UF con IVA',2,150,0);
CREATE UNIQUE INDEX "django_content_type_app_label_model_76bd3d3b_uniq" ON "django_content_type" ("app_label", "model");
CREATE UNIQUE INDEX "auth_group_permissions_group_id_permission_id_0cd325b0_uniq" ON "auth_group_permissions" ("group_id", "permission_id");
CREATE INDEX IF NOT EXISTS "auth_group_permissions_group_id_b120cbf9" ON "auth_group_permissions" ("group_id");
CREATE INDEX IF NOT EXISTS "auth_group_permissions_permission_id_84c5c92e" ON "auth_group_permissions" ("permission_id");
CREATE UNIQUE INDEX "auth_permission_content_type_id_codename_01ab375a_uniq" ON "auth_permission" ("content_type_id", "codename");
CREATE INDEX IF NOT EXISTS "auth_permission_content_type_id_2f476e4b" ON "auth_permission" ("content_type_id");
CREATE UNIQUE INDEX "accounts_customuser_groups_customuser_id_group_id_c074bdcb_uniq" ON "accounts_customuser_groups" ("customuser_id", "group_id");
CREATE INDEX IF NOT EXISTS "accounts_customuser_groups_customuser_id_bc55088e" ON "accounts_customuser_groups" ("customuser_id");
CREATE INDEX IF NOT EXISTS "accounts_customuser_groups_group_id_86ba5f9e" ON "accounts_customuser_groups" ("group_id");
CREATE UNIQUE INDEX "accounts_customuser_user_permissions_customuser_id_permission_id_9632a709_uniq" ON "accounts_customuser_user_permissions" ("customuser_id", "permission_id");
CREATE INDEX IF NOT EXISTS "accounts_customuser_user_permissions_customuser_id_0deaefae" ON "accounts_customuser_user_permissions" ("customuser_id");
CREATE INDEX IF NOT EXISTS "accounts_customuser_user_permissions_permission_id_aea3d0e5" ON "accounts_customuser_user_permissions" ("permission_id");
CREATE INDEX IF NOT EXISTS "django_admin_log_content_type_id_c4bce8eb" ON "django_admin_log" ("content_type_id");
CREATE INDEX IF NOT EXISTS "django_admin_log_user_id_c564eba6" ON "django_admin_log" ("user_id");
CREATE UNIQUE INDEX "newsletters_newsletter_email_newsletter_id_newsletteruser_id_729391df_uniq" ON "newsletters_newsletter_email" ("newsletter_id", "newsletteruser_id");
CREATE INDEX IF NOT EXISTS "newsletters_newsletter_email_newsletter_id_86f76210" ON "newsletters_newsletter_email" ("newsletter_id");
CREATE INDEX IF NOT EXISTS "newsletters_newsletter_email_newsletteruser_id_c7b00502" ON "newsletters_newsletter_email" ("newsletteruser_id");
CREATE INDEX IF NOT EXISTS "properties_urbansite_property_id_0f9e3592" ON "properties_urbansite" ("property_id");
CREATE INDEX IF NOT EXISTS "properties_shop_property_id_10ac3c0d" ON "properties_shop" ("property_id");
CREATE INDEX IF NOT EXISTS "properties_propertyimage_property_id_883194e7" ON "properties_propertyimage" ("property_id");
CREATE INDEX IF NOT EXISTS "properties_propertycontact_property_id_49ac3914" ON "properties_propertycontact" ("property_id");
CREATE INDEX IF NOT EXISTS "properties_property_commune_id_948414dc" ON "properties_property" ("commune_id");
CREATE INDEX IF NOT EXISTS "properties_property_region_id_bdc9e684" ON "properties_property" ("region_id");
CREATE INDEX IF NOT EXISTS "properties_property_user_id_d65e9a67" ON "properties_property" ("user_id");
CREATE INDEX IF NOT EXISTS "properties_parcel_property_id_3ce4d875" ON "properties_parcel" ("property_id");
CREATE INDEX IF NOT EXISTS "properties_office_property_id_02ceab57" ON "properties_office" ("property_id");
CREATE INDEX IF NOT EXISTS "properties_industrial_property_id_ceb76305" ON "properties_industrial" ("property_id");
CREATE INDEX IF NOT EXISTS "properties_house_property_id_cd7f08ea" ON "properties_house" ("property_id");
CREATE INDEX IF NOT EXISTS "properties_commune_location_slug_e136a79f" ON "properties_commune" ("location_slug");
CREATE INDEX IF NOT EXISTS "properties_commune_region_id_5570bcad" ON "properties_commune" ("region_id");
CREATE INDEX IF NOT EXISTS "properties_cellar_property_id_fabcf2b9" ON "properties_cellar" ("property_id");
CREATE INDEX IF NOT EXISTS "properties_apartment_property_id_b78dace9" ON "properties_apartment" ("property_id");
CREATE INDEX IF NOT EXISTS "django_session_expire_date_a5c62663" ON "django_session" ("expire_date");
CREATE INDEX IF NOT EXISTS "properties_publication_owner_id_855dd835" ON "properties_publication" ("owner_id");
CREATE INDEX IF NOT EXISTS "properties_publication_property_id_0ee40f95" ON "properties_publication" ("property_id");
CREATE INDEX IF NOT EXISTS "properties_publication_realtor_id_2ed80779" ON "properties_publication" ("realtor_id");
CREATE INDEX IF NOT EXISTS "properties_publication_user_id_01528e25" ON "properties_publication" ("user_id");
CREATE UNIQUE INDEX "properties_publication_views_publication_id_ipvisitor_id_01380f72_uniq" ON "properties_publication_views" ("publication_id", "ipvisitor_id");
CREATE INDEX IF NOT EXISTS "properties_publication_views_publication_id_2f3e43dc" ON "properties_publication_views" ("publication_id");
CREATE INDEX IF NOT EXISTS "properties_publication_views_ipvisitor_id_5a957899" ON "properties_publication_views" ("ipvisitor_id");
